slide_width_pt,slide_height_pt,slide_index,shape_id,shape_name,shape_type,left_pt,top_pt,width_pt,height_pt,left_pct,top_pct,width_pct,height_pct,rotation_deg,fill_hex,fill_transparency,line_hex,line_weight_pt,line_transparency,zorder,rounded_radius_pct
960.0000,540.0000,1,8,Rectangle 7,AutoShape,433.6000,318.7200,15.3600,4.8000,0.4517,0.5902,0.0160,0.0089,26.981,#FFFF00,0.000,#042433,1.500,0.000,1,
960.0000,540.0000,1,9,Rectangle 8,AutoShape,441.5330,307.4738,15.3600,4.8000,0.4599,0.5694,0.0160,0.0089,26.981,#FFFF00,0.000,#042433,1.500,0.000,2,
960.0000,540.0000,1,10,Rectangle 9,AutoShape,447.7730,297.3939,15.3600,4.8000,0.4664,0.5507,0.0160,0.0089,26.981,#FFFF00,0.000,#042433,1.500,0.000,3,
960.0000,540.0000,1,11,Rectangle 10,AutoShape,453.3729,287.3140,15.3600,4.8000,0.4723,0.5321,0.0160,0.0089,26.981,#FFFF00,0.000,#042433,1.500,0.000,4,
960.0000,540.0000,1,12,Rectangle 11,AutoShape,460.6659,275.7477,15.3600,4.8000,0.4799,0.5106,0.0160,0.0089,26.981,#FFFF00,0.000,#042433,1.500,0.000,5,
960.0000,540.0000,1,14,Rectangle 13,AutoShape,466.7978,265.9879,15.3600,4.8000,0.4862,0.4926,0.0160,0.0089,26.981,#FFFF00,0.000,#042433,1.500,0.000,6,
960.0000,540.0000,1,15,Rectangle 14,AutoShape,472.9297,255.6322,15.3600,4.8000,0.4926,0.4734,0.0160,0.0089,26.981,#FFFF00,0.000,#042433,1.500,0.000,7,
960.0000,540.0000,1,16,Rectangle 15,AutoShape,479.0616,245.1965,15.3600,4.8000,0.4990,0.4541,0.0160,0.0089,26.981,#FFFF00,0.000,#042433,1.500,0.000,8,
960.0000,540.0000,1,17,Rectangle 16,AutoShape,485.1937,234.7607,15.3600,4.8000,0.5054,0.4347,0.0160,0.0089,26.981,#FFFF00,0.000,#042433,1.500,0.000,9,
960.0000,540.0000,1,18,Rectangle 17,AutoShape,491.3258,224.3250,15.3600,4.8000,0.5118,0.4154,0.0160,0.0089,26.981,#FFFF00,0.000,#042433,1.500,0.000,10,
960.0000,540.0000,1,19,Rectangle 18,AutoShape,497.4580,213.0786,15.3600,4.8000,0.5182,0.3946,0.0160,0.0089,26.981,#FFFF00,0.000,#042433,1.500,0.000,11,
960.0000,540.0000,1,20,Rectangle 19,AutoShape,505.3909,202.6428,15.3600,4.8000,0.5264,0.3753,0.0160,0.0089,26.981,#FFFF00,0.000,#042433,1.500,0.000,12,
960.0000,540.0000,1,21,Rectangle 20,AutoShape,514.9980,192.2782,18.0238,6.3772,0.5365,0.3561,0.0188,0.0118,67.578,#FFFF00,0.000,#042433,1.500,0.000,13,
960.0000,540.0000,1,22,Rectangle 21,AutoShape,532.4639,187.0335,15.3600,4.8000,0.5546,0.3464,0.0160,0.0089,67.428,#FFFF00,0.000,#042433,1.500,0.000,14,
960.0000,540.0000,1,25,Rectangle 24,AutoShape,455.0454,338.9768,15.3600,4.8000,0.4740,0.6277,0.0160,0.0089,26.981,#FFFF00,0.000,#042433,1.500,0.000,15,
960.0000,540.0000,1,26,Rectangle 25,AutoShape,463.5487,326.7500,15.3600,4.8000,0.4829,0.6051,0.0160,0.0089,26.981,#FFFF00,0.000,#042433,1.500,0.000,16,
960.0000,540.0000,1,27,Rectangle 26,AutoShape,469.2389,316.9903,15.3600,4.8000,0.4888,0.5870,0.0160,0.0089,26.981,#FFFF00,0.000,#042433,1.500,0.000,17,
960.0000,540.0000,1,28,Rectangle 27,AutoShape,476.5319,306.1288,15.3600,4.8000,0.4964,0.5669,0.0160,0.0089,26.981,#FFFF00,0.000,#042433,1.500,0.000,18,
960.0000,540.0000,1,29,Rectangle 28,AutoShape,483.3343,295.7732,15.3600,4.8000,0.5035,0.5477,0.0160,0.0089,26.981,#FFFF00,0.000,#042433,1.500,0.000,19,
960.0000,540.0000,1,30,Rectangle 29,AutoShape,488.7956,285.2501,15.3600,4.8000,0.5092,0.5282,0.0160,0.0089,26.981,#FFFF00,0.000,#042433,1.500,0.000,20,
960.0000,540.0000,1,31,Rectangle 30,AutoShape,495.2619,274.7269,15.3600,4.8000,0.5159,0.5088,0.0160,0.0089,26.981,#FFFF00,0.000,#042433,1.500,0.000,21,
960.0000,540.0000,1,32,Rectangle 31,AutoShape,501.7282,263.6060,15.3600,4.8000,0.5226,0.4882,0.0160,0.0089,26.981,#FFFF00,0.000,#042433,1.500,0.000,22,
960.0000,540.0000,1,33,Rectangle 32,AutoShape,507.2022,253.8554,15.3600,4.8000,0.5283,0.4701,0.0160,0.0089,26.981,#FFFF00,0.000,#042433,1.500,0.000,23,
960.0000,540.0000,1,34,Rectangle 33,AutoShape,513.9574,243.9298,15.3600,4.8000,0.5354,0.4517,0.0160,0.0089,26.981,#FFFF00,0.000,#042433,1.500,0.000,24,
960.0000,540.0000,1,35,Rectangle 34,AutoShape,521.2568,232.1441,15.3600,4.8000,0.5430,0.4299,0.0160,0.0089,26.981,#FFFF00,0.000,#042433,1.500,0.000,25,
960.0000,540.0000,1,36,Rectangle 35,AutoShape,534.1865,219.4984,15.3600,4.8000,0.5564,0.4065,0.0160,0.0089,76.505,#FFFF00,0.000,#042433,1.500,0.000,26,
960.0000,540.0000,1,37,Rectangle 36,AutoShape,404.8956,310.6512,15.3600,4.8000,0.4218,0.5753,0.0160,0.0089,26.981,#FFFF00,0.000,#042433,1.500,0.000,27,
960.0000,540.0000,1,38,Rectangle 37,AutoShape,412.1887,299.9461,15.3600,4.8000,0.4294,0.5555,0.0160,0.0089,26.981,#FFFF00,0.000,#042433,1.500,0.000,28,
960.0000,540.0000,1,39,Rectangle 38,AutoShape,418.6352,289.6552,15.3600,4.8000,0.4361,0.5364,0.0160,0.0089,26.981,#FFFF00,0.000,#042433,1.500,0.000,29,
960.0000,540.0000,1,40,Rectangle 39,AutoShape,424.7670,278.8788,15.3600,4.8000,0.4425,0.5164,0.0160,0.0089,26.981,#FFFF00,0.000,#042433,1.500,0.000,30,
960.0000,540.0000,1,41,Rectangle 40,AutoShape,431.2040,268.3642,15.3600,4.8000,0.4492,0.4970,0.0160,0.0089,26.981,#FFFF00,0.000,#042433,1.500,0.000,31,
960.0000,540.0000,1,42,Rectangle 41,AutoShape,437.5031,258.2842,15.3600,4.8000,0.4557,0.4783,0.0160,0.0089,26.981,#FFFF00,0.000,#042433,1.500,0.000,32,
960.0000,540.0000,1,43,Rectangle 42,AutoShape,443.9542,248.1074,15.3600,4.8000,0.4625,0.4595,0.0160,0.0089,26.981,#FFFF00,0.000,#042433,1.500,0.000,33,
960.0000,540.0000,1,44,Rectangle 43,AutoShape,450.0954,237.9807,15.3600,4.8000,0.4688,0.4407,0.0160,0.0089,26.981,#FFFF00,0.000,#042433,1.500,0.000,34,
960.0000,540.0000,1,45,Rectangle 44,AutoShape,456.5443,227.5264,15.3600,4.8000,0.4756,0.4213,0.0160,0.0089,26.981,#FFFF00,0.000,#042433,1.500,0.000,35,
960.0000,540.0000,1,46,Rectangle 45,AutoShape,464.0121,216.4871,15.3600,4.8000,0.4833,0.4009,0.0160,0.0089,26.981,#FFFF00,0.000,#042433,1.500,0.000,36,
960.0000,540.0000,1,47,Rectangle 46,AutoShape,470.4969,205.6715,15.3600,4.8000,0.4901,0.3809,0.0160,0.0089,26.981,#FFFF00,0.000,#042433,1.500,0.000,37,
960.0000,540.0000,1,48,Rectangle 47,AutoShape,476.3047,196.1859,15.3600,4.8000,0.4962,0.3633,0.0160,0.0089,26.981,#FFFF00,0.000,#042433,1.500,0.000,38,
960.0000,540.0000,1,49,Rectangle 48,AutoShape,483.3343,184.7752,15.3600,4.8000,0.5035,0.3422,0.0160,0.0089,26.981,#FFFF00,0.000,#042433,1.500,0.000,39,
960.0000,540.0000,1,50,Rectangle 49,AutoShape,500.2421,174.3934,15.3600,4.8000,0.5211,0.3230,0.0160,0.0089,341.097,#FFFF00,0.000,#042433,1.500,0.000,40,
960.0000,540.0000,1,51,Rectangle 50,AutoShape,375.1509,299.4049,15.3600,4.8000,0.3908,0.5545,0.0160,0.0089,26.981,#FFFF00,0.000,#042433,1.500,0.000,41,
960.0000,540.0000,1,52,Rectangle 51,AutoShape,381.2827,290.2184,15.3600,4.8000,0.3972,0.5374,0.0160,0.0089,26.981,#FFFF00,0.000,#042433,1.500,0.000,42,
960.0000,540.0000,1,53,Rectangle 52,AutoShape,386.6209,280.3500,15.3600,4.8000,0.4027,0.5192,0.0160,0.0089,26.981,#FFFF00,0.000,#042433,1.500,0.000,43,
960.0000,540.0000,1,54,Rectangle 53,AutoShape,392.3552,270.1245,15.3600,4.8000,0.4087,0.5002,0.0160,0.0089,26.981,#FFFF00,0.000,#042433,1.500,0.000,44,
960.0000,540.0000,1,55,Rectangle 54,AutoShape,398.4408,258.9995,15.3600,4.8000,0.4150,0.4796,0.0160,0.0089,26.981,#FFFF00,0.000,#042433,1.500,0.000,45,
960.0000,540.0000,1,56,Rectangle 55,AutoShape,405.1209,247.0379,15.3600,4.8000,0.4220,0.4575,0.0160,0.0089,26.981,#FFFF00,0.000,#042433,1.500,0.000,46,
960.0000,540.0000,1,57,Rectangle 56,AutoShape,411.6412,236.2176,15.3600,4.8000,0.4288,0.4374,0.0160,0.0089,26.981,#FFFF00,0.000,#042433,1.500,0.000,47,
960.0000,540.0000,1,58,Rectangle 57,AutoShape,418.0330,226.1053,15.3600,4.8000,0.4355,0.4187,0.0160,0.0089,26.981,#FFFF00,0.000,#042433,1.500,0.000,48,
960.0000,540.0000,1,59,Rectangle 58,AutoShape,424.4249,214.8869,15.3600,4.8000,0.4421,0.3979,0.0160,0.0089,26.981,#FFFF00,0.000,#042433,1.500,0.000,49,
960.0000,540.0000,1,60,Rectangle 59,AutoShape,429.9725,205.2407,15.3600,4.8000,0.4479,0.3801,0.0160,0.0089,26.981,#FFFF00,0.000,#042433,1.500,0.000,50,
960.0000,540.0000,1,61,Rectangle 60,AutoShape,437.0021,194.5079,15.3600,4.8000,0.4552,0.3602,0.0160,0.0089,26.981,#FFFF00,0.000,#042433,1.500,0.000,51,
960.0000,540.0000,1,62,Rectangle 61,AutoShape,443.2154,182.7482,15.3600,4.8000,0.4617,0.3384,0.0160,0.0089,26.981,#FFFF00,0.000,#042433,1.500,0.000,52,
960.0000,540.0000,1,63,Rectangle 62,AutoShape,450.0954,173.0849,15.3600,4.8000,0.4688,0.3205,0.0160,0.0089,26.981,#FFFF00,0.000,#042433,1.500,0.000,53,
960.0000,540.0000,1,64,Rectangle 63,AutoShape,454.8249,162.6102,15.3600,4.8000,0.4738,0.3011,0.0160,0.0089,26.981,#FFFF00,0.000,#042433,1.500,0.000,54,
960.0000,540.0000,1,65,Rectangle 64,AutoShape,460.0750,152.9508,15.3600,5.9231,0.4792,0.2832,0.0160,0.0110,26.981,#FFFF00,0.000,#042433,1.500,0.000,55,
960.0000,540.0000,1,66,Rectangle 65,AutoShape,479.9816,148.7032,15.3600,5.9231,0.5000,0.2754,0.0160,0.0110,8.599,#FFFF00,0.000,#042433,1.500,0.000,56,
960.0000,540.0000,1,67,Rectangle 66,AutoShape,496.6594,144.4193,15.3600,5.9231,0.5174,0.2674,0.0160,0.0110,85.285,#FFFF00,0.000,#042433,1.500,0.000,57,
960.0000,540.0000,1,68,Rectangle 67,AutoShape,509.8167,141.5352,15.3600,5.9231,0.5311,0.2621,0.0160,0.0110,85.285,#FFFF00,0.000,#042433,1.500,0.000,58,
960.0000,540.0000,1,69,Rectangle 68,AutoShape,340.4132,293.0213,15.3600,4.8000,0.3546,0.5426,0.0160,0.0089,26.981,#FFFF00,0.000,#042433,1.500,0.000,59,
960.0000,540.0000,1,70,Rectangle 69,AutoShape,347.0490,282.0969,15.3600,4.8000,0.3615,0.5224,0.0160,0.0089,26.981,#FFFF00,0.000,#042433,1.500,0.000,60,
960.0000,540.0000,1,71,Rectangle 70,AutoShape,352.3873,271.6111,15.3600,4.8000,0.3671,0.5030,0.0160,0.0089,26.981,#FFFF00,0.000,#042433,1.500,0.000,61,
960.0000,540.0000,1,72,Rectangle 71,AutoShape,359.0241,259.9262,15.3600,4.8000,0.3740,0.4813,0.0160,0.0089,26.981,#FFFF00,0.000,#042433,1.500,0.000,62,
960.0000,540.0000,1,73,Rectangle 72,AutoShape,365.4168,249.8076,15.3600,4.8000,0.3806,0.4626,0.0160,0.0089,26.981,#FFFF00,0.000,#042433,1.500,0.000,63,
960.0000,540.0000,1,74,Rectangle 73,AutoShape,371.2234,238.3067,15.3600,4.8000,0.3867,0.4413,0.0160,0.0089,26.981,#FFFF00,0.000,#042433,1.500,0.000,64,
960.0000,540.0000,1,75,Rectangle 74,AutoShape,377.6153,226.8545,15.3600,4.8000,0.3933,0.4201,0.0160,0.0089,26.981,#FFFF00,0.000,#042433,1.500,0.000,65,
960.0000,540.0000,1,76,Rectangle 75,AutoShape,383.8715,215.7642,15.3600,4.8000,0.3999,0.3996,0.0160,0.0089,26.981,#FFFF00,0.000,#042433,1.500,0.000,66,
960.0000,540.0000,1,77,Rectangle 76,AutoShape,389.6465,203.9963,15.3600,4.8000,0.4059,0.3778,0.0160,0.0089,26.981,#FFFF00,0.000,#042433,1.500,0.000,67,
960.0000,540.0000,1,78,Rectangle 77,AutoShape,395.1870,193.7383,15.3600,4.8000,0.4117,0.3588,0.0160,0.0089,26.981,#FFFF00,0.000,#042433,1.500,0.000,68,
960.0000,540.0000,1,79,Rectangle 78,AutoShape,401.6603,183.2617,15.3600,4.8000,0.4184,0.3394,0.0160,0.0089,26.981,#FFFF00,0.000,#042433,1.500,0.000,69,
960.0000,540.0000,1,80,Rectangle 79,AutoShape,408.5590,170.2967,15.3600,4.8000,0.4256,0.3154,0.0160,0.0089,26.981,#FFFF00,0.000,#042433,1.500,0.000,70,
960.0000,540.0000,1,81,Rectangle 80,AutoShape,415.3381,158.9791,15.3600,4.8000,0.4326,0.2944,0.0160,0.0089,26.981,#FFFF00,0.000,#042433,1.500,0.000,71,
960.0000,540.0000,1,82,Rectangle 81,AutoShape,422.0395,147.9706,15.3600,4.8000,0.4396,0.2740,0.0160,0.0089,26.981,#FFFF00,0.000,#042433,1.500,0.000,72,
960.0000,540.0000,1,83,Rectangle 82,AutoShape,429.0692,135.3278,15.3600,4.8000,0.4469,0.2506,0.0160,0.0089,26.981,#FFFF00,0.000,#042433,1.500,0.000,73,
960.0000,540.0000,1,84,Rectangle 83,AutoShape,435.2823,125.1086,15.3600,4.8000,0.4534,0.2317,0.0160,0.0089,26.981,#FFFF00,0.000,#042433,1.500,0.000,74,
960.0000,540.0000,1,85,Rectangle 84,AutoShape,473.9334,104.7771,15.3600,5.9231,0.4937,0.1940,0.0160,0.0110,93.589,#FFFF00,0.000,#042433,1.500,0.000,75,
960.0000,540.0000,1,86,Rectangle 85,AutoShape,486.0123,104.7787,15.3600,5.9231,0.5063,0.1940,0.0160,0.0110,93.986,#FFFF00,0.000,#042433,1.500,0.000,76,
960.0000,540.0000,1,87,Rectangle 86,AutoShape,497.4579,103.4421,15.3600,5.9231,0.5182,0.1916,0.0160,0.0110,94.027,#FFFF00,0.000,#042433,1.500,0.000,77,
960.0000,540.0000,1,88,Rectangle 87,AutoShape,508.2856,103.5970,15.3600,5.9231,0.5295,0.1918,0.0160,0.0110,95.734,#FFFF00,0.000,#042433,1.500,0.000,78,
960.0000,540.0000,1,89,Rectangle 88,AutoShape,519.5446,102.9697,15.3600,5.9231,0.5412,0.1907,0.0160,0.0110,96.055,#FFFF00,0.000,#042433,1.500,0.000,79,
960.0000,540.0000,1,2,Rectangle 1,AutoShape,607.4427,90.7039,16.9861,7.4194,0.6328,0.1680,0.0177,0.0137,145.635,#00B0F0,0.000,#042433,1.500,0.000,80,
960.0000,540.0000,1,3,Rectangle 2,AutoShape,614.3279,103.4909,16.9861,7.4194,0.6399,0.1916,0.0177,0.0137,151.473,#00B0F0,0.000,#042433,1.500,0.000,81,
960.0000,540.0000,1,4,Rectangle 3,AutoShape,621.6067,116.4835,16.9861,7.4194,0.6475,0.2157,0.0177,0.0137,153.176,#00B0F0,0.000,#042433,1.500,0.000,82,
960.0000,540.0000,1,6,Rectangle 5,AutoShape,627.9017,127.0143,16.9861,7.4194,0.6541,0.2352,0.0177,0.0137,151.473,#00B0F0,0.000,#042433,1.500,0.000,83,
960.0000,540.0000,1,13,Rectangle 12,AutoShape,635.1573,140.5984,16.9861,7.4194,0.6616,0.2604,0.0177,0.0137,151.473,#00B0F0,0.000,#042433,1.500,0.000,84,
960.0000,540.0000,1,23,Rectangle 22,AutoShape,641.9183,151.5685,16.9861,7.4194,0.6687,0.2807,0.0177,0.0137,151.473,#00B0F0,0.000,#042433,1.500,0.000,85,
960.0000,540.0000,1,90,Rectangle 89,AutoShape,648.0804,164.0794,16.9861,7.4194,0.6751,0.3039,0.0177,0.0137,151.473,#00B0F0,0.000,#042433,1.500,0.000,86,
960.0000,540.0000,1,91,Rectangle 90,AutoShape,653.5911,174.9780,16.9861,7.4194,0.6808,0.3240,0.0177,0.0137,151.473,#00B0F0,0.000,#042433,1.500,0.000,87,
960.0000,540.0000,1,93,Rectangle 92,AutoShape,662.7842,185.0227,16.9861,7.4194,0.6904,0.3426,0.0177,0.0137,152.295,#00B0F0,0.000,#042433,1.500,0.000,88,
960.0000,540.0000,1,94,Rectangle 93,AutoShape,673.9314,194.8762,16.9861,7.4194,0.7020,0.3609,0.0177,0.0137,152.295,#00B0F0,0.000,#042433,1.500,0.000,89,
960.0000,540.0000,1,95,Rectangle 94,AutoShape,689.2088,211.5891,16.9861,7.4194,0.7179,0.3918,0.0177,0.0137,235.049,#00B0F0,0.000,#042433,1.500,0.000,90,
960.0000,540.0000,1,96,Rectangle 95,AutoShape,592.2950,141.5413,16.9861,7.4194,0.6170,0.2621,0.0177,0.0137,150.470,#00B0F0,0.000,#042433,1.500,0.000,91,
960.0000,540.0000,1,97,Rectangle 96,AutoShape,599.5736,152.2025,16.9861,7.4194,0.6246,0.2819,0.0177,0.0137,150.470,#00B0F0,0.000,#042433,1.500,0.000,92,
960.0000,540.0000,1,98,Rectangle 97,AutoShape,606.4587,165.1109,16.9861,7.4194,0.6317,0.3058,0.0177,0.0137,150.470,#00B0F0,0.000,#042433,1.500,0.000,93,
960.0000,540.0000,1,99,Rectangle 98,AutoShape,614.3646,175.7388,16.9861,7.4194,0.6400,0.3254,0.0177,0.0137,150.470,#00B0F0,0.000,#042433,1.500,0.000,94,
960.0000,540.0000,1,100,Rectangle 99,AutoShape,621.2498,187.1988,16.9861,7.4194,0.6471,0.3467,0.0177,0.0137,150.470,#00B0F0,0.000,#042433,1.500,0.000,95,
960.0000,540.0000,1,101,Rectangle 100,AutoShape,629.7088,199.1709,16.9861,7.4194,0.6559,0.3688,0.0177,0.0137,150.470,#00B0F0,0.000,#042433,1.500,0.000,96,
960.0000,540.0000,1,102,Rectangle 101,AutoShape,638.1541,209.2179,16.9861,7.4194,0.6647,0.3874,0.0177,0.0137,150.470,#00B0F0,0.000,#042433,1.500,0.000,97,
960.0000,540.0000,1,103,Rectangle 102,AutoShape,580.2442,129.9008,16.9861,7.4194,0.6044,0.2406,0.0177,0.0137,129.223,#00B0F0,0.000,#042433,1.500,0.000,98,
960.0000,540.0000,1,104,Rectangle 103,AutoShape,562.7360,124.0156,16.9861,7.4194,0.5862,0.2297,0.0177,0.0137,105.249,#00B0F0,0.000,#042433,1.500,0.000,99,
960.0000,540.0000,1,105,Rectangle 104,AutoShape,548.4426,120.8165,16.0061,8.4417,0.5713,0.2237,0.0167,0.0156,101.236,#00B0F0,0.000,#042433,1.500,0.000,100,
960.0000,540.0000,1,106,Rectangle 105,AutoShape,533.5416,264.8012,15.3600,4.8000,0.5558,0.4904,0.0160,0.0089,26.981,#FFFF00,0.000,#042433,1.500,0.000,101,
960.0000,540.0000,1,107,Rectangle 106,AutoShape,527.2997,277.0313,15.3600,4.8000,0.5493,0.5130,0.0160,0.0089,26.981,#FFFF00,0.000,#042433,1.500,0.000,102,
960.0000,540.0000,1,108,Rectangle 107,AutoShape,520.6498,289.6553,15.3600,4.8000,0.5423,0.5364,0.0160,0.0089,26.981,#FFFF00,0.000,#042433,1.500,0.000,103,
960.0000,540.0000,1,109,Rectangle 108,AutoShape,513.9573,302.8871,15.3600,4.8000,0.5354,0.5609,0.0160,0.0089,26.981,#FFFF00,0.000,#042433,1.500,0.000,104,
960.0000,540.0000,1,110,Rectangle 109,AutoShape,507.1884,314.4993,15.3600,4.8000,0.5283,0.5824,0.0160,0.0089,26.981,#FFFF00,0.000,#042433,1.500,0.000,105,
960.0000,540.0000,1,111,Rectangle 110,AutoShape,544.3665,252.6611,15.3600,4.8000,0.5670,0.4679,0.0160,0.0089,58.556,#FFFF00,0.000,#042433,1.500,0.000,106,
960.0000,540.0000,1,113,Rectangle 112,AutoShape,583.9465,240.2019,15.3600,4.8000,0.6083,0.4448,0.0160,0.0089,90.000,#FFC000,0.000,#042433,1.500,0.000,107,
960.0000,540.0000,1,114,Rectangle 113,AutoShape,599.3661,241.4795,15.3600,4.8000,0.6243,0.4472,0.0160,0.0089,90.000,#FFC000,0.000,#042433,1.500,0.000,108,
960.0000,540.0000,1,115,Rectangle 114,AutoShape,614.5137,242.8430,15.3600,4.8000,0.6401,0.4497,0.0160,0.0089,90.000,#FFC000,0.000,#042433,1.500,0.000,109,
960.0000,540.0000,1,117,Rectangle 116,AutoShape,629.2463,243.8976,15.3600,4.8000,0.6555,0.4517,0.0160,0.0089,90.000,#FFC000,0.000,#042433,1.500,0.000,110,
960.0000,540.0000,1,118,Rectangle 117,AutoShape,644.3708,243.1396,15.3600,4.8000,0.6712,0.4503,0.0160,0.0089,90.000,#FFC000,0.000,#042433,1.500,0.000,111,
960.0000,540.0000,1,119,Rectangle 118,AutoShape,658.6522,242.2008,15.3600,4.8000,0.6861,0.4485,0.0160,0.0089,90.000,#FFC000,0.000,#042433,1.500,0.000,112,
960.0000,540.0000,1,120,Rectangle 119,AutoShape,670.2813,240.4588,15.3600,6.1758,0.6982,0.4453,0.0160,0.0114,90.000,#FFC000,0.000,#042433,1.500,0.000,113,
960.0000,540.0000,1,121,Rectangle 120,AutoShape,668.4846,269.0344,15.3600,6.1758,0.6963,0.4982,0.0160,0.0114,90.000,#FFC000,0.000,#042433,1.500,0.000,114,
960.0000,540.0000,1,122,Rectangle 121,AutoShape,661.0605,296.0621,15.3600,7.3057,0.6886,0.5483,0.0160,0.0135,90.000,#FFC000,0.000,#042433,1.500,0.000,115,
960.0000,540.0000,1,123,Rectangle 122,AutoShape,657.3228,325.4971,15.3600,7.3057,0.6847,0.6028,0.0160,0.0135,84.194,#FFC000,0.000,#042433,1.500,0.000,116,
960.0000,540.0000,1,124,Rectangle 123,AutoShape,665.9786,359.2097,15.3600,7.3057,0.6937,0.6652,0.0160,0.0135,82.056,#FFC000,0.000,#042433,1.500,0.000,117,
960.0000,540.0000,1,125,Rectangle 124,AutoShape,661.8474,386.9474,15.3600,7.3057,0.6894,0.7166,0.0160,0.0135,172.032,#FFC000,0.000,#042433,1.500,0.000,118,
960.0000,540.0000,1,126,Rectangle 125,AutoShape,666.8223,411.7430,13.5984,7.5718,0.6946,0.7625,0.0142,0.0140,149.072,#FFC000,0.000,#042433,1.500,0.000,119,
960.0000,540.0000,1,127,Rectangle 126,AutoShape,580.0828,268.7937,15.3600,4.8000,0.6043,0.4978,0.0160,0.0089,95.071,#FFC000,0.000,#042433,1.500,0.000,120,
960.0000,540.0000,1,128,Rectangle 127,AutoShape,596.0173,271.0167,15.3600,4.8000,0.6209,0.5019,0.0160,0.0089,95.633,#FFC000,0.000,#042433,1.500,0.000,121,
960.0000,540.0000,1,129,Rectangle 128,AutoShape,609.9924,271.6109,15.3600,4.8000,0.6354,0.5030,0.0160,0.0089,95.633,#FFC000,0.000,#042433,1.500,0.000,122,
960.0000,540.0000,1,130,Rectangle 129,AutoShape,623.9598,273.7748,15.3600,4.8000,0.6500,0.5070,0.0160,0.0089,95.633,#FFC000,0.000,#042433,1.500,0.000,123,
960.0000,540.0000,1,131,Rectangle 130,AutoShape,641.0746,272.7908,15.3600,4.8000,0.6678,0.5052,0.0160,0.0089,90.000,#FFC000,0.000,#042433,1.500,0.000,124,
960.0000,540.0000,1,132,Rectangle 131,AutoShape,654.0294,271.8831,15.3600,4.8000,0.6813,0.5035,0.0160,0.0089,85.786,#FFC000,0.000,#042433,1.500,0.000,125,
960.0000,540.0000,1,133,Rectangle 132,AutoShape,573.8594,293.3882,15.3600,4.8000,0.5978,0.5433,0.0160,0.0089,95.351,#FFC000,0.000,#042433,1.500,0.000,126,
960.0000,540.0000,1,134,Rectangle 133,AutoShape,588.5161,296.0652,15.3600,4.8000,0.6130,0.5483,0.0160,0.0089,95.709,#FFC000,0.000,#042433,1.500,0.000,127,
960.0000,540.0000,1,135,Rectangle 134,AutoShape,602.0899,298.2509,15.3600,4.8000,0.6272,0.5523,0.0160,0.0089,95.709,#FFC000,0.000,#042433,1.500,0.000,128,
960.0000,540.0000,1,136,Rectangle 135,AutoShape,559.4988,290.3542,15.3600,4.8000,0.5828,0.5377,0.0160,0.0089,98.034,#FFC000,0.000,#042433,1.500,0.000,129,
960.0000,540.0000,1,137,Rectangle 136,AutoShape,616.1235,299.3146,15.3600,4.8000,0.6418,0.5543,0.0160,0.0089,97.448,#FFC000,0.000,#042433,1.500,0.000,130,
960.0000,540.0000,1,138,Rectangle 137,AutoShape,630.2210,298.4485,15.3600,4.8000,0.6565,0.5527,0.0160,0.0089,90.000,#FFC000,0.000,#042433,1.500,0.000,131,
960.0000,540.0000,1,139,Rectangle 138,AutoShape,645.8480,297.8892,15.3600,4.8000,0.6728,0.5516,0.0160,0.0089,90.000,#FFC000,0.000,#042433,1.500,0.000,132,
960.0000,540.0000,1,140,Rectangle 139,AutoShape,542.2794,318.0257,15.3600,7.3057,0.5649,0.5889,0.0160,0.0135,100.947,#FFC000,0.000,#042433,1.500,0.000,133,
960.0000,540.0000,1,141,Rectangle 140,AutoShape,554.4833,321.3268,15.3600,4.8000,0.5776,0.5950,0.0160,0.0089,99.908,#FFC000,0.000,#042433,1.500,0.000,134,
960.0000,540.0000,1,142,Rectangle 141,AutoShape,568.8439,324.3431,15.3600,4.8000,0.5925,0.6006,0.0160,0.0089,96.958,#FFC000,0.000,#042433,1.500,0.000,135,
960.0000,540.0000,1,143,Rectangle 142,AutoShape,583.0079,325.3754,15.3600,4.8000,0.6073,0.6025,0.0160,0.0089,99.908,#FFC000,0.000,#042433,1.500,0.000,136,
960.0000,540.0000,1,144,Rectangle 143,AutoShape,596.9751,327.1435,15.3600,4.8000,0.6218,0.6058,0.0160,0.0089,97.472,#FFC000,0.000,#042433,1.500,0.000,137,
960.0000,540.0000,1,145,Rectangle 144,AutoShape,612.1226,328.6602,15.3600,4.8000,0.6376,0.6086,0.0160,0.0089,95.156,#FFC000,0.000,#042433,1.500,0.000,138,
960.0000,540.0000,1,146,Rectangle 145,AutoShape,626.8767,329.2813,15.3600,4.8000,0.6530,0.6098,0.0160,0.0089,93.173,#FFC000,0.000,#042433,1.500,0.000,139,
960.0000,540.0000,1,147,Rectangle 146,AutoShape,640.4505,328.5180,15.3600,4.8000,0.6671,0.6084,0.0160,0.0089,90.000,#FFC000,0.000,#042433,1.500,0.000,140,
960.0000,540.0000,1,148,Rectangle 147,AutoShape,519.6427,350.8091,15.3600,4.8000,0.5413,0.6496,0.0160,0.0089,96.354,#FFC000,0.000,#042433,1.500,0.000,141,
960.0000,540.0000,1,149,Rectangle 148,AutoShape,531.5590,353.6155,15.3600,4.8000,0.5537,0.6548,0.0160,0.0089,96.354,#FFC000,0.000,#042433,1.500,0.000,142,
960.0000,540.0000,1,150,Rectangle 149,AutoShape,544.0361,355.1369,15.3600,4.8000,0.5667,0.6577,0.0160,0.0089,96.354,#FFC000,0.000,#042433,1.500,0.000,143,
960.0000,540.0000,1,151,Rectangle 150,AutoShape,554.6591,356.9074,15.3600,4.8000,0.5778,0.6609,0.0160,0.0089,96.354,#FFC000,0.000,#042433,1.500,0.000,144,
960.0000,540.0000,1,152,Rectangle 151,AutoShape,567.3475,358.3828,15.3600,4.8000,0.5910,0.6637,0.0160,0.0089,96.354,#FFC000,0.000,#042433,1.500,0.000,145,
960.0000,540.0000,1,153,Rectangle 152,AutoShape,579.7410,359.2680,15.3600,4.8000,0.6039,0.6653,0.0160,0.0089,96.692,#FFC000,0.000,#042433,1.500,0.000,146,
960.0000,540.0000,1,154,Rectangle 153,AutoShape,591.4459,361.5305,15.3600,4.8000,0.6161,0.6695,0.0160,0.0089,96.692,#FFC000,0.000,#042433,1.500,0.000,147,
960.0000,540.0000,1,155,Rectangle 154,AutoShape,602.9542,362.1205,15.3600,4.8000,0.6281,0.6706,0.0160,0.0089,94.715,#FFC000,0.000,#042433,1.500,0.000,148,
960.0000,540.0000,1,156,Rectangle 155,AutoShape,614.3638,362.6122,15.3600,4.8000,0.6400,0.6715,0.0160,0.0089,90.000,#FFC000,0.000,#042433,1.500,0.000,149,
960.0000,540.0000,1,157,Rectangle 156,AutoShape,625.4786,363.1040,15.3600,4.8000,0.6515,0.6724,0.0160,0.0089,90.000,#FFC000,0.000,#042433,1.500,0.000,150,
960.0000,540.0000,1,158,Rectangle 157,AutoShape,637.1835,362.4154,15.3600,4.8000,0.6637,0.6711,0.0160,0.0089,85.811,#FFC000,0.000,#042433,1.500,0.000,151,
960.0000,540.0000,1,159,Rectangle 158,AutoShape,648.8885,363.2024,15.3600,4.8000,0.6759,0.6726,0.0160,0.0089,83.778,#FFC000,0.000,#042433,1.500,0.000,152,
960.0000,540.0000,1,160,Rectangle 159,AutoShape,486.6996,366.1609,15.3600,4.8000,0.5070,0.6781,0.0160,0.0089,104.132,#FFC000,0.000,#042433,1.500,0.000,153,
960.0000,540.0000,1,161,Rectangle 160,AutoShape,499.0601,369.7786,15.3600,4.8000,0.5199,0.6848,0.0160,0.0089,98.791,#FFC000,0.000,#042433,1.500,0.000,154,
960.0000,540.0000,1,162,Rectangle 161,AutoShape,510.7478,372.6848,15.3600,4.8000,0.5320,0.6902,0.0160,0.0089,99.192,#FFC000,0.000,#042433,1.500,0.000,155,
960.0000,540.0000,1,163,Rectangle 162,AutoShape,522.7149,374.6519,15.3600,4.8000,0.5445,0.6938,0.0160,0.0089,97.100,#FFC000,0.000,#042433,1.500,0.000,156,
960.0000,540.0000,1,164,Rectangle 163,AutoShape,534.9816,376.3265,15.3600,4.8000,0.5573,0.6969,0.0160,0.0089,97.100,#FFC000,0.000,#042433,1.500,0.000,157,
960.0000,540.0000,1,165,Rectangle 164,AutoShape,547.2767,378.2937,15.3600,4.8000,0.5701,0.7005,0.0160,0.0089,97.100,#FFC000,0.000,#042433,1.500,0.000,158,
960.0000,540.0000,1,166,Rectangle 165,AutoShape,559.2766,379.6706,15.3600,4.8000,0.5826,0.7031,0.0160,0.0089,97.100,#FFC000,0.000,#042433,1.500,0.000,159,
960.0000,540.0000,1,167,Rectangle 166,AutoShape,571.5717,381.0478,15.3600,4.8000,0.5954,0.7056,0.0160,0.0089,95.331,#FFC000,0.000,#042433,1.500,0.000,160,
960.0000,540.0000,1,168,Rectangle 167,AutoShape,584.2601,382.8182,15.3600,4.8000,0.6086,0.7089,0.0160,0.0089,97.100,#FFC000,0.000,#042433,1.500,0.000,161,
960.0000,540.0000,1,169,Rectangle 168,AutoShape,596.2603,384.4903,15.3600,4.8000,0.6211,0.7120,0.0160,0.0089,93.893,#FFC000,0.000,#042433,1.500,0.000,162,
960.0000,540.0000,1,170,Rectangle 169,AutoShape,608.8505,386.1624,15.3600,4.8000,0.6342,0.7151,0.0160,0.0089,93.893,#FFC000,0.000,#042433,1.500,0.000,163,
960.0000,540.0000,1,171,Rectangle 170,AutoShape,620.2604,387.8346,15.3600,4.8000,0.6461,0.7182,0.0160,0.0089,90.000,#FFC000,0.000,#042433,1.500,0.000,164,
960.0000,540.0000,1,172,Rectangle 171,AutoShape,632.2604,386.8510,15.3600,4.8000,0.6586,0.7164,0.0160,0.0089,90.000,#FFC000,0.000,#042433,1.500,0.000,165,
960.0000,540.0000,1,173,Rectangle 172,AutoShape,643.9653,386.4575,15.3600,4.8000,0.6708,0.7157,0.0160,0.0089,85.860,#FFC000,0.000,#042433,1.500,0.000,166,
960.0000,540.0000,1,174,Rectangle 173,AutoShape,485.9382,395.8309,15.3600,4.8000,0.5062,0.7330,0.0160,0.0089,97.979,#FFC000,0.000,#042433,1.500,0.000,167,
960.0000,540.0000,1,175,Rectangle 174,AutoShape,498.2853,398.3078,15.3600,4.8000,0.5190,0.7376,0.0160,0.0089,97.979,#FFC000,0.000,#042433,1.500,0.000,168,
960.0000,540.0000,1,176,Rectangle 175,AutoShape,509.7625,399.9798,15.3600,4.8000,0.5310,0.7407,0.0160,0.0089,95.901,#FFC000,0.000,#042433,1.500,0.000,169,
960.0000,540.0000,1,177,Rectangle 176,AutoShape,521.2568,401.9470,15.3600,4.8000,0.5430,0.7443,0.0160,0.0089,95.901,#FFC000,0.000,#042433,1.500,0.000,170,
960.0000,540.0000,1,178,Rectangle 177,AutoShape,533.5326,403.6190,15.3600,4.8000,0.5558,0.7474,0.0160,0.0089,96.183,#FFC000,0.000,#042433,1.500,0.000,171,
960.0000,540.0000,1,179,Rectangle 178,AutoShape,546.1227,405.2911,15.3600,4.8000,0.5689,0.7505,0.0160,0.0089,96.654,#FFC000,0.000,#042433,1.500,0.000,172,
960.0000,540.0000,1,180,Rectangle 179,AutoShape,559.3031,407.5535,15.3600,4.8000,0.5826,0.7547,0.0160,0.0089,96.936,#FFC000,0.000,#042433,1.500,0.000,173,
960.0000,540.0000,1,181,Rectangle 180,AutoShape,571.5982,409.8158,15.3600,4.8000,0.5954,0.7589,0.0160,0.0089,96.936,#FFC000,0.000,#042433,1.500,0.000,174,
960.0000,540.0000,1,182,Rectangle 181,AutoShape,583.8933,412.0781,15.3600,4.8000,0.6082,0.7631,0.0160,0.0089,96.936,#FFC000,0.000,#042433,1.500,0.000,175,
960.0000,540.0000,1,183,Rectangle 182,AutoShape,596.1884,413.7502,15.3600,4.8000,0.6210,0.7662,0.0160,0.0089,96.936,#FFC000,0.000,#042433,1.500,0.000,176,
960.0000,540.0000,1,184,Rectangle 183,AutoShape,608.4835,415.1273,15.3600,4.8000,0.6338,0.7688,0.0160,0.0089,94.813,#FFC000,0.000,#042433,1.500,0.000,177,
960.0000,540.0000,1,185,Rectangle 184,AutoShape,622.5491,415.9142,15.3600,4.8000,0.6485,0.7702,0.0160,0.0089,90.000,#FFC000,0.000,#042433,1.500,0.000,178,
960.0000,540.0000,1,186,Rectangle 185,AutoShape,634.2540,416.1112,15.3600,4.8000,0.6607,0.7706,0.0160,0.0089,90.000,#FFC000,0.000,#042433,1.500,0.000,179,
960.0000,540.0000,1,187,Rectangle 186,AutoShape,648.0246,414.8324,15.3600,4.8000,0.6750,0.7682,0.0160,0.0089,84.258,#FFC000,0.000,#042433,1.500,0.000,180,
960.0000,540.0000,1,188,Rectangle 187,AutoShape,477.1718,425.8486,15.3600,4.8000,0.4971,0.7886,0.0160,0.0089,100.483,#FFC000,0.000,#042433,1.500,0.000,181,
960.0000,540.0000,1,189,Rectangle 188,AutoShape,488.9348,428.4058,15.3600,4.8000,0.5093,0.7933,0.0160,0.0089,98.926,#FFC000,0.000,#042433,1.500,0.000,182,
960.0000,540.0000,1,190,Rectangle 189,AutoShape,501.7281,430.3730,15.3600,4.8000,0.5226,0.7970,0.0160,0.0089,98.263,#FFC000,0.000,#042433,1.500,0.000,183,
960.0000,540.0000,1,191,Rectangle 190,AutoShape,513.9575,431.8485,15.3600,4.8000,0.5354,0.7997,0.0160,0.0089,98.673,#FFC000,0.000,#042433,1.500,0.000,184,
960.0000,540.0000,1,192,Rectangle 191,AutoShape,526.5543,433.8028,15.3600,4.8000,0.5485,0.8033,0.0160,0.0089,98.673,#FFC000,0.000,#042433,1.500,0.000,185,
960.0000,540.0000,1,193,Rectangle 192,AutoShape,538.9028,435.1798,15.3600,4.8000,0.5614,0.8059,0.0160,0.0089,98.673,#FFC000,0.000,#042433,1.500,0.000,186,
960.0000,540.0000,1,194,Rectangle 193,AutoShape,551.5379,436.9504,15.3600,4.8000,0.5745,0.8092,0.0160,0.0089,98.673,#FFC000,0.000,#042433,1.500,0.000,187,
960.0000,540.0000,1,195,Rectangle 194,AutoShape,563.5379,439.2126,15.3600,4.8000,0.5870,0.8134,0.0160,0.0089,98.673,#FFC000,0.000,#042433,1.500,0.000,188,
960.0000,540.0000,1,196,Rectangle 195,AutoShape,576.1281,440.2945,15.3600,4.8000,0.6001,0.8154,0.0160,0.0089,98.673,#FFC000,0.000,#042433,1.500,0.000,189,
960.0000,540.0000,1,197,Rectangle 196,AutoShape,588.4232,442.2617,15.3600,4.8000,0.6129,0.8190,0.0160,0.0089,98.673,#FFC000,0.000,#042433,1.500,0.000,190,
960.0000,540.0000,1,198,Rectangle 197,AutoShape,601.0133,444.2290,15.3600,4.8000,0.6261,0.8226,0.0160,0.0089,94.291,#FFC000,0.000,#042433,1.500,0.000,191,
960.0000,540.0000,1,199,Rectangle 198,AutoShape,614.1937,445.6060,15.3600,4.8000,0.6398,0.8252,0.0160,0.0089,90.000,#FFC000,0.000,#042433,1.500,0.000,192,
960.0000,540.0000,1,200,Rectangle 199,AutoShape,416.4471,387.7312,15.3600,4.8000,0.4338,0.7180,0.0160,0.0089,23.336,#FF7E79,0.000,#042433,1.500,0.000,193,
960.0000,540.0000,1,201,Rectangle 200,AutoShape,411.0436,399.6930,15.3600,4.8000,0.4282,0.7402,0.0160,0.0089,23.336,#FF7E79,0.000,#042433,1.500,0.000,194,
960.0000,540.0000,1,202,Rectangle 201,AutoShape,405.2767,411.9237,15.3600,4.8000,0.4222,0.7628,0.0160,0.0089,23.336,#FF7E79,0.000,#042433,1.500,0.000,195,
960.0000,540.0000,1,203,Rectangle 202,AutoShape,400.5565,422.7034,15.3600,4.8000,0.4172,0.7828,0.0160,0.0089,23.336,#FF7E79,0.000,#042433,1.500,0.000,196,
960.0000,540.0000,1,204,Rectangle 203,AutoShape,395.5424,434.0932,15.3600,4.8000,0.4120,0.8039,0.0160,0.0089,23.336,#FF7E79,0.000,#042433,1.500,0.000,197,
960.0000,540.0000,1,205,Rectangle 204,AutoShape,424.3906,371.8375,15.3600,4.8000,0.4421,0.6886,0.0160,0.0089,23.336,#FF7E79,0.000,#042433,1.500,0.000,198,
960.0000,540.0000,1,206,Rectangle 205,AutoShape,431.2040,356.2861,15.3600,4.8000,0.4492,0.6598,0.0160,0.0089,23.336,#FF7E79,0.000,#042433,1.500,0.000,199,
960.0000,540.0000,1,207,Rectangle 206,AutoShape,397.7565,356.4609,15.3600,4.8000,0.4143,0.6601,0.0160,0.0089,25.097,#FF7E79,0.000,#042433,1.500,0.000,200,
960.0000,540.0000,1,208,Rectangle 207,AutoShape,391.0568,369.5730,15.3600,4.8000,0.4074,0.6844,0.0160,0.0089,25.097,#FF7E79,0.000,#042433,1.500,0.000,201,
960.0000,540.0000,1,209,Rectangle 208,AutoShape,384.9401,381.9185,15.3600,4.8000,0.4010,0.7073,0.0160,0.0089,25.097,#FF7E79,0.000,#042433,1.500,0.000,202,
960.0000,540.0000,1,210,Rectangle 209,AutoShape,379.6561,395.3609,15.3600,4.8000,0.3955,0.7321,0.0160,0.0089,25.097,#FF7E79,0.000,#042433,1.500,0.000,203,
960.0000,540.0000,1,211,Rectangle 210,AutoShape,374.9300,406.6817,15.3600,4.8000,0.3906,0.7531,0.0160,0.0089,25.097,#FF7E79,0.000,#042433,1.500,0.000,204,
960.0000,540.0000,1,212,Rectangle 211,AutoShape,369.0126,418.6780,15.3600,4.8000,0.3844,0.7753,0.0160,0.0089,25.097,#FF7E79,0.000,#042433,1.500,0.000,205,
960.0000,540.0000,1,213,Rectangle 212,AutoShape,363.2905,430.1302,15.3600,4.8000,0.3784,0.7965,0.0160,0.0089,25.097,#FF7E79,0.000,#042433,1.500,0.000,206,
960.0000,540.0000,1,214,Rectangle 213,AutoShape,406.5804,338.7847,15.3600,4.8000,0.4235,0.6274,0.0160,0.0089,20.866,#FF7E79,0.000,#042433,1.500,0.000,207,
960.0000,540.0000,1,215,Rectangle 214,AutoShape,455.9396,373.6320,15.3600,4.8000,0.4749,0.6919,0.0160,0.0089,22.698,#FF7E79,0.000,#042433,1.500,0.000,208,
960.0000,540.0000,1,216,Rectangle 215,AutoShape,370.7150,350.3568,15.3600,4.8000,0.3862,0.6488,0.0160,0.0089,25.097,#FF7E79,0.000,#042433,1.500,0.000,209,
960.0000,540.0000,1,217,Rectangle 216,AutoShape,365.0717,361.3909,15.3600,4.8000,0.3803,0.6692,0.0160,0.0089,25.097,#FF7E79,0.000,#042433,1.500,0.000,210,
960.0000,540.0000,1,218,Rectangle 217,AutoShape,359.3691,374.0673,15.3600,4.8000,0.3743,0.6927,0.0160,0.0089,25.097,#FF7E79,0.000,#042433,1.500,0.000,211,
960.0000,540.0000,1,219,Rectangle 218,AutoShape,352.3475,388.5080,15.3600,4.8000,0.3670,0.7195,0.0160,0.0089,25.097,#FF7E79,0.000,#042433,1.500,0.000,212,
960.0000,540.0000,1,220,Rectangle 219,AutoShape,347.0890,398.9827,15.3600,4.8000,0.3616,0.7389,0.0160,0.0089,25.097,#FF7E79,0.000,#042433,1.500,0.000,213,
960.0000,540.0000,1,221,Rectangle 220,AutoShape,341.5811,409.4572,15.3600,4.8000,0.3558,0.7583,0.0160,0.0089,25.097,#FF7E79,0.000,#042433,1.500,0.000,214,
960.0000,540.0000,1,222,Rectangle 221,AutoShape,379.2705,329.1880,15.3600,7.6276,0.3951,0.6096,0.0160,0.0141,25.097,#FF7E79,0.000,#042433,1.500,0.000,215,
960.0000,540.0000,1,223,Rectangle 222,AutoShape,335.2715,420.8151,15.3600,7.6276,0.3492,0.7793,0.0160,0.0141,25.097,#FF7E79,0.000,#042433,1.500,0.000,216,
960.0000,540.0000,1,224,Rectangle 223,AutoShape,301.8139,416.3405,15.3600,7.6276,0.3144,0.7710,0.0160,0.0141,38.141,#FF7E79,0.000,#042433,1.500,0.000,217,
960.0000,540.0000,1,225,Rectangle 224,AutoShape,265.6104,409.4252,15.3600,7.6276,0.2767,0.7582,0.0160,0.0141,44.489,#FF7E79,0.000,#042433,1.500,0.000,218,
960.0000,540.0000,1,226,Rectangle 225,AutoShape,317.9832,314.7935,15.3600,7.6276,0.3312,0.5830,0.0160,0.0141,11.534,#FF7E79,0.000,#042433,1.500,0.000,219,
960.0000,540.0000,1,227,Rectangle 226,AutoShape,344.4543,326.6676,15.3600,7.6276,0.3588,0.6049,0.0160,0.0141,11.534,#FF7E79,0.000,#042433,1.500,0.000,220,
960.0000,540.0000,1,228,Rectangle 227,AutoShape,320.0380,394.5082,15.3600,4.8000,0.3334,0.7306,0.0160,0.0089,31.908,#FF7E79,0.000,#042433,1.500,0.000,221,
960.0000,540.0000,1,229,Rectangle 228,AutoShape,327.1565,382.4066,15.3600,4.8000,0.3408,0.7082,0.0160,0.0089,25.337,#FF7E79,0.000,#042433,1.500,0.000,222,
960.0000,540.0000,1,230,Rectangle 229,AutoShape,331.8700,369.0847,15.3600,4.8000,0.3457,0.6835,0.0160,0.0089,22.811,#FF7E79,0.000,#042433,1.500,0.000,223,
960.0000,540.0000,1,231,Rectangle 230,AutoShape,336.4445,356.6779,15.3600,4.8000,0.3505,0.6605,0.0160,0.0089,18.712,#FF7E79,0.000,#042433,1.500,0.000,224,
960.0000,540.0000,1,232,Rectangle 231,AutoShape,341.8940,344.0189,15.3600,4.8000,0.3561,0.6371,0.0160,0.0089,11.060,#FF7E79,0.000,#042433,1.500,0.000,225,
960.0000,540.0000,1,233,Rectangle 232,AutoShape,295.9698,372.3391,15.3600,4.8000,0.3083,0.6895,0.0160,0.0089,33.179,#FF7E79,0.000,#042433,1.500,0.000,226,
960.0000,540.0000,1,234,Rectangle 233,AutoShape,282.3425,392.8815,15.3600,4.8000,0.2941,0.7276,0.0160,0.0089,37.984,#FF7E79,0.000,#042433,1.500,0.000,227,
960.0000,540.0000,1,235,Rectangle 234,AutoShape,289.7661,382.9153,15.3600,4.8000,0.3018,0.7091,0.0160,0.0089,33.255,#FF7E79,0.000,#042433,1.500,0.000,228,
960.0000,540.0000,1,236,Rectangle 235,AutoShape,313.8680,329.5757,15.3600,4.8000,0.3269,0.6103,0.0160,0.0089,16.323,#FF7E79,0.000,#042433,1.500,0.000,229,
960.0000,540.0000,1,237,Rectangle 236,AutoShape,311.2240,340.7485,15.3600,4.8000,0.3242,0.6310,0.0160,0.0089,16.323,#FF7E79,0.000,#042433,1.500,0.000,230,
960.0000,540.0000,1,238,Rectangle 237,AutoShape,302.4782,363.7316,15.3600,4.8000,0.3151,0.6736,0.0160,0.0089,28.605,#FF7E79,0.000,#042433,1.500,0.000,231,
960.0000,540.0000,1,239,Rectangle 238,AutoShape,306.2408,352.8249,15.3600,4.8000,0.3190,0.6534,0.0160,0.0089,19.800,#FF7E79,0.000,#042433,1.500,0.000,232,
960.0000,540.0000,1,240,Rectangle 239,AutoShape,273.2918,401.2206,15.3600,4.8000,0.2847,0.7430,0.0160,0.0089,44.429,#FF7E79,0.000,#042433,1.500,0.000,233,
960.0000,540.0000,1,241,Rectangle 240,AutoShape,448.7782,389.2599,15.3600,4.8000,0.4675,0.7209,0.0160,0.0089,22.698,#FF7E79,0.000,#042433,1.500,0.000,234,
960.0000,540.0000,1,242,Rectangle 241,AutoShape,441.5330,404.2420,15.3600,4.8000,0.4599,0.7486,0.0160,0.0089,22.698,#FF7E79,0.000,#042433,1.500,0.000,235,
960.0000,540.0000,1,243,Rectangle 242,AutoShape,436.1332,415.7146,15.3600,4.8000,0.4543,0.7698,0.0160,0.0089,22.698,#FF7E79,0.000,#042433,1.500,0.000,236,
960.0000,540.0000,1,244,Rectangle 243,AutoShape,428.9519,428.6300,15.3600,4.8000,0.4468,0.7938,0.0160,0.0089,22.498,#FF7E79,0.000,#042433,1.500,0.000,237,
960.0000,540.0000,1,245,Rectangle 244,AutoShape,424.4465,438.4944,15.3600,4.8000,0.4421,0.8120,0.0160,0.0089,26.156,#FF7E79,0.000,#042433,1.500,0.000,238,
960.0000,540.0000,1,250,Rectangle 249,AutoShape,623.1715,471.3853,13.1580,8.6220,0.6491,0.8729,0.0137,0.0160,164.246,#80350E,0.000,#042433,1.500,0.000,239,
960.0000,540.0000,1,264,Rectangle 263,AutoShape,457.1129,450.7346,15.3969,7.1682,0.4762,0.8347,0.0160,0.0133,101.115,#80350E,0.000,#042433,1.500,0.000,240,
960.0000,540.0000,1,265,Rectangle 264,AutoShape,302.2294,268.3316,15.3600,4.8000,0.3148,0.4969,0.0160,0.0089,33.923,#FFFF00,0.000,#042433,1.500,0.000,241,
960.0000,540.0000,1,266,Rectangle 265,AutoShape,309.3253,257.5042,15.3600,4.8000,0.3222,0.4769,0.0160,0.0089,33.923,#FFFF00,0.000,#042433,1.500,0.000,242,
960.0000,540.0000,1,268,Rectangle 267,AutoShape,321.9720,237.4489,15.3600,4.8000,0.3354,0.4397,0.0160,0.0089,31.360,#FFFF00,0.000,#042433,1.500,0.000,243,
960.0000,540.0000,1,269,Rectangle 268,AutoShape,315.9343,247.3302,15.3600,4.8000,0.3291,0.4580,0.0160,0.0089,31.360,#FFFF00,0.000,#042433,1.500,0.000,244,
960.0000,540.0000,1,270,Rectangle 269,AutoShape,328.6210,226.6994,15.3600,4.8000,0.3423,0.4198,0.0160,0.0089,31.360,#FFFF00,0.000,#042433,1.500,0.000,245,
960.0000,540.0000,1,271,Rectangle 270,AutoShape,334.5269,216.4872,15.3600,4.8000,0.3485,0.4009,0.0160,0.0089,31.360,#FFFF00,0.000,#042433,1.500,0.000,246,
960.0000,540.0000,1,272,Rectangle 271,AutoShape,341.1555,206.0944,15.3600,4.8000,0.3554,0.3817,0.0160,0.0089,31.360,#FFFF00,0.000,#042433,1.500,0.000,247,
960.0000,540.0000,1,273,Rectangle 272,AutoShape,347.1750,195.1136,15.3600,4.8000,0.3616,0.3613,0.0160,0.0089,31.987,#FFFF00,0.000,#042433,1.500,0.000,248,
960.0000,540.0000,1,274,Rectangle 273,AutoShape,353.6008,184.7207,15.3600,4.8000,0.3683,0.3421,0.0160,0.0089,29.523,#FFFF00,0.000,#042433,1.500,0.000,249,
960.0000,540.0000,1,275,Rectangle 274,AutoShape,359.6772,174.3934,15.3600,4.8000,0.3747,0.3230,0.0160,0.0089,29.523,#FFFF00,0.000,#042433,1.500,0.000,250,
960.0000,540.0000,1,276,Rectangle 275,AutoShape,365.9990,163.7619,15.3600,4.8000,0.3812,0.3033,0.0160,0.0089,29.523,#FFFF00,0.000,#042433,1.500,0.000,251,
960.0000,540.0000,1,277,Rectangle 276,AutoShape,372.4398,153.4329,15.3600,4.8000,0.3880,0.2841,0.0160,0.0089,29.523,#FFFF00,0.000,#042433,1.500,0.000,252,
960.0000,540.0000,1,278,Rectangle 277,AutoShape,379.1564,142.0967,15.3600,4.8000,0.3950,0.2631,0.0160,0.0089,29.523,#FFFF00,0.000,#042433,1.500,0.000,253,
960.0000,540.0000,1,279,Rectangle 278,AutoShape,385.1138,130.9815,15.3600,4.8000,0.4012,0.2426,0.0160,0.0089,29.523,#FFFF00,0.000,#042433,1.500,0.000,254,
960.0000,540.0000,1,280,Rectangle 279,AutoShape,391.2285,121.5800,15.3600,4.8000,0.4075,0.2251,0.0160,0.0089,29.523,#FFFF00,0.000,#042433,1.500,0.000,255,
960.0000,540.0000,1,281,Rectangle 280,AutoShape,397.4308,111.4268,15.3600,4.8000,0.4140,0.2063,0.0160,0.0089,29.523,#FFFF00,0.000,#042433,1.500,0.000,256,
960.0000,540.0000,1,282,Rectangle 281,AutoShape,404.2557,97.5675,15.3600,6.4269,0.4211,0.1807,0.0160,0.0119,29.523,#FFFF00,0.000,#042433,1.500,0.000,257,
960.0000,540.0000,1,283,Rectangle 282,AutoShape,415.5736,85.7326,15.3600,6.4269,0.4329,0.1588,0.0160,0.0119,55.293,#FFFF00,0.000,#042433,1.500,0.000,258,
960.0000,540.0000,1,284,Rectangle 283,AutoShape,268.0935,236.9247,15.3600,4.8000,0.2793,0.4387,0.0160,0.0089,33.923,#FFFF00,0.000,#042433,1.500,0.000,259,
960.0000,540.0000,1,285,Rectangle 284,AutoShape,276.2489,227.9554,15.3600,4.8000,0.2878,0.4221,0.0160,0.0089,33.923,#FFFF00,0.000,#042433,1.500,0.000,260,
960.0000,540.0000,1,286,Rectangle 285,AutoShape,282.6565,218.7017,15.3600,4.8000,0.2944,0.4050,0.0160,0.0089,33.923,#FFFF00,0.000,#042433,1.500,0.000,261,
960.0000,540.0000,1,287,Rectangle 286,AutoShape,289.0643,209.1244,15.3600,4.8000,0.3011,0.3873,0.0160,0.0089,32.480,#FFFF00,0.000,#042433,1.500,0.000,262,
960.0000,540.0000,1,288,Rectangle 287,AutoShape,294.4236,199.0919,15.3600,4.8000,0.3067,0.3687,0.0160,0.0089,32.480,#FFFF00,0.000,#042433,1.500,0.000,263,
960.0000,540.0000,1,289,Rectangle 288,AutoShape,300.4818,190.3984,15.3600,4.8000,0.3130,0.3526,0.0160,0.0089,32.480,#FFFF00,0.000,#042433,1.500,0.000,264,
960.0000,540.0000,1,290,Rectangle 289,AutoShape,306.5401,180.7178,15.3600,4.8000,0.3193,0.3347,0.0160,0.0089,32.480,#FFFF00,0.000,#042433,1.500,0.000,265,
960.0000,540.0000,1,291,Rectangle 290,AutoShape,312.2488,171.1403,15.3600,4.8000,0.3253,0.3169,0.0160,0.0089,32.480,#FFFF00,0.000,#042433,1.500,0.000,266,
960.0000,540.0000,1,292,Rectangle 291,AutoShape,318.3071,161.1483,15.3600,4.8000,0.3316,0.2984,0.0160,0.0089,32.480,#FFFF00,0.000,#042433,1.500,0.000,267,
960.0000,540.0000,1,293,Rectangle 292,AutoShape,324.7128,151.5465,15.3600,4.8000,0.3382,0.2806,0.0160,0.0089,32.480,#FFFF00,0.000,#042433,1.500,0.000,268,
960.0000,540.0000,1,294,Rectangle 293,AutoShape,331.3253,141.4765,15.3600,4.8000,0.3451,0.2620,0.0160,0.0089,32.480,#FFFF00,0.000,#042433,1.500,0.000,269,
960.0000,540.0000,1,295,Rectangle 294,AutoShape,336.6869,133.0134,15.3600,4.8000,0.3507,0.2463,0.0160,0.0089,32.480,#FFFF00,0.000,#042433,1.500,0.000,270,
960.0000,540.0000,1,296,Rectangle 295,AutoShape,342.1460,124.6837,15.3600,4.8000,0.3564,0.2309,0.0160,0.0089,32.480,#FFFF00,0.000,#042433,1.500,0.000,271,
960.0000,540.0000,1,297,Rectangle 296,AutoShape,347.8312,114.1549,15.3600,4.8000,0.3623,0.2114,0.0160,0.0089,29.921,#FFFF00,0.000,#042433,1.500,0.000,272,
960.0000,540.0000,1,298,Rectangle 297,AutoShape,353.7775,104.0835,15.3600,4.8000,0.3685,0.1927,0.0160,0.0089,32.221,#FFFF00,0.000,#042433,1.500,0.000,273,
960.0000,540.0000,1,299,Rectangle 298,AutoShape,258.2062,326.9109,15.3600,4.8000,0.2690,0.6054,0.0160,0.0089,28.605,#FF7E79,0.000,#042433,1.500,0.000,274,
960.0000,540.0000,1,300,Rectangle 299,AutoShape,263.9149,315.3047,15.3600,4.8000,0.2749,0.5839,0.0160,0.0089,28.605,#FF7E79,0.000,#042433,1.500,0.000,275,
960.0000,540.0000,1,301,Rectangle 300,AutoShape,270.3228,304.4284,15.3600,4.8000,0.2816,0.5638,0.0160,0.0089,28.605,#FF7E79,0.000,#042433,1.500,0.000,276,
960.0000,540.0000,1,302,Rectangle 301,AutoShape,276.3810,293.7817,15.3600,4.8000,0.2879,0.5440,0.0160,0.0089,28.605,#FF7E79,0.000,#042433,1.500,0.000,277,
960.0000,540.0000,1,303,Rectangle 302,AutoShape,281.3907,284.4247,15.3600,4.8000,0.2931,0.5267,0.0160,0.0089,28.605,#FF7E79,0.000,#042433,1.500,0.000,278,
960.0000,540.0000,1,304,Rectangle 303,AutoShape,252.0315,337.2913,15.3600,4.8000,0.2625,0.6246,0.0160,0.0089,28.605,#FF7E79,0.000,#042433,1.500,0.000,279,
960.0000,540.0000,1,305,Rectangle 304,AutoShape,246.5558,348.2427,15.3600,4.8000,0.2568,0.6449,0.0160,0.0089,28.605,#FF7E79,0.000,#042433,1.500,0.000,280,
960.0000,540.0000,1,306,Rectangle 305,AutoShape,240.3810,358.4950,15.3600,4.8000,0.2504,0.6639,0.0160,0.0089,28.605,#FF7E79,0.000,#042433,1.500,0.000,281,
960.0000,540.0000,1,307,Rectangle 306,AutoShape,234.5558,369.7959,15.3600,4.8000,0.2443,0.6848,0.0160,0.0089,28.605,#FF7E79,0.000,#042433,1.500,0.000,282,
960.0000,540.0000,1,308,Rectangle 307,AutoShape,228.0315,380.7473,15.3600,4.8000,0.2375,0.7051,0.0160,0.0089,28.605,#FF7E79,0.000,#042433,1.500,0.000,283,
960.0000,540.0000,1,309,Rectangle 308,AutoShape,222.9053,391.3492,15.3600,4.8000,0.2322,0.7247,0.0160,0.0089,28.605,#FF7E79,0.000,#042433,1.500,0.000,284,
960.0000,540.0000,1,310,Rectangle 309,AutoShape,217.4296,401.2521,15.3600,4.8000,0.2265,0.7431,0.0160,0.0089,28.605,#FF7E79,0.000,#042433,1.500,0.000,285,
960.0000,540.0000,1,311,Rectangle 310,AutoShape,179.7984,388.4365,15.3600,4.8000,0.1873,0.7193,0.0160,0.0089,28.605,#FF7E79,0.000,#042433,1.500,0.000,286,
960.0000,540.0000,1,312,Rectangle 311,AutoShape,185.1576,379.4657,15.3600,4.8000,0.1929,0.7027,0.0160,0.0089,28.605,#FF7E79,0.000,#042433,1.500,0.000,287,
960.0000,540.0000,1,313,Rectangle 312,AutoShape,190.5169,369.4462,15.3600,4.8000,0.1985,0.6842,0.0160,0.0089,28.605,#FF7E79,0.000,#042433,1.500,0.000,288,
960.0000,540.0000,1,314,Rectangle 313,AutoShape,196.2257,358.3782,15.3600,4.8000,0.2044,0.6637,0.0160,0.0089,28.605,#FF7E79,0.000,#042433,1.500,0.000,289,
960.0000,540.0000,1,315,Rectangle 314,AutoShape,201.2354,348.3589,15.3600,4.8000,0.2096,0.6451,0.0160,0.0089,28.605,#FF7E79,0.000,#042433,1.500,0.000,290,
960.0000,540.0000,1,316,Rectangle 315,AutoShape,206.1748,338.8161,15.3600,4.8000,0.2148,0.6274,0.0160,0.0089,25.566,#FF7E79,0.000,#042433,1.500,0.000,291,
960.0000,540.0000,1,317,Rectangle 316,AutoShape,210.0421,329.4730,15.3600,4.8000,0.2188,0.6101,0.0160,0.0089,25.566,#FF7E79,0.000,#042433,1.500,0.000,292,
960.0000,540.0000,1,318,Rectangle 317,AutoShape,216.0041,318.7200,15.3600,4.8000,0.2250,0.5902,0.0160,0.0089,25.566,#FF7E79,0.000,#042433,1.500,0.000,293,
960.0000,540.0000,1,319,Rectangle 318,AutoShape,221.3633,307.8372,15.3600,4.8000,0.2306,0.5701,0.0160,0.0089,25.566,#FF7E79,0.000,#042433,1.500,0.000,294,
960.0000,540.0000,1,320,Rectangle 319,AutoShape,226.7225,297.9433,15.3600,4.8000,0.2362,0.5517,0.0160,0.0089,25.566,#FF7E79,0.000,#042433,1.500,0.000,295,
960.0000,540.0000,1,321,Rectangle 320,AutoShape,232.7808,289.0960,15.3600,4.8000,0.2425,0.5354,0.0160,0.0089,25.566,#FF7E79,0.000,#042433,1.500,0.000,296,
960.0000,540.0000,1,322,Rectangle 321,AutoShape,237.4409,279.4666,15.3600,4.8000,0.2473,0.5175,0.0160,0.0089,25.566,#FF7E79,0.000,#042433,1.500,0.000,297,
960.0000,540.0000,1,323,Rectangle 322,AutoShape,241.7515,269.3903,15.3600,4.8000,0.2518,0.4989,0.0160,0.0089,25.566,#FF7E79,0.000,#042433,1.500,0.000,298,
960.0000,540.0000,1,324,Rectangle 323,AutoShape,246.7613,258.8555,15.3600,4.8000,0.2570,0.4794,0.0160,0.0089,25.566,#FF7E79,0.000,#042433,1.500,0.000,299,
960.0000,540.0000,1,325,Rectangle 324,AutoShape,174.2995,397.4563,15.3600,7.8176,0.1816,0.7360,0.0160,0.0145,28.605,#FF7E79,0.000,#042433,1.500,0.000,300,
960.0000,540.0000,1,326,Rectangle 325,AutoShape,468.9462,453.0968,15.3969,7.1682,0.4885,0.8391,0.0160,0.0133,101.115,#80350E,0.000,#042433,1.500,0.000,301,
960.0000,540.0000,1,327,Rectangle 326,AutoShape,481.5976,455.4590,15.3969,7.1682,0.5017,0.8434,0.0160,0.0133,101.663,#80350E,0.000,#042433,1.500,0.000,302,
960.0000,540.0000,1,328,Rectangle 327,AutoShape,493.5423,457.5377,15.3969,7.1682,0.5141,0.8473,0.0160,0.0133,101.172,#80350E,0.000,#042433,1.500,0.000,303,
960.0000,540.0000,1,329,Rectangle 328,AutoShape,505.3726,459.6165,15.3969,7.1682,0.5264,0.8511,0.0160,0.0133,99.334,#80350E,0.000,#042433,1.500,0.000,304,
960.0000,540.0000,1,330,Rectangle 329,AutoShape,517.3194,461.9787,15.3969,7.1682,0.5389,0.8555,0.0160,0.0133,100.593,#80350E,0.000,#042433,1.500,0.000,305,
960.0000,540.0000,1,331,Rectangle 330,AutoShape,529.1715,464.0574,15.3969,7.1682,0.5512,0.8594,0.0160,0.0133,99.335,#80350E,0.000,#042433,1.500,0.000,306,
960.0000,540.0000,1,332,Rectangle 331,AutoShape,542.1118,465.2857,15.3969,7.1682,0.5647,0.8616,0.0160,0.0133,97.764,#80350E,0.000,#042433,1.500,0.000,307,
960.0000,540.0000,1,333,Rectangle 332,AutoShape,554.2108,466.9865,15.3969,7.1682,0.5773,0.8648,0.0160,0.0133,99.335,#80350E,0.000,#042433,1.500,0.000,308,
960.0000,540.0000,1,334,Rectangle 333,AutoShape,565.6439,468.7818,15.3969,7.1682,0.5892,0.8681,0.0160,0.0133,100.787,#80350E,0.000,#042433,1.500,0.000,309,
960.0000,540.0000,1,335,Rectangle 334,AutoShape,578.4943,471.7109,15.3969,7.1682,0.6026,0.8735,0.0160,0.0133,98.537,#80350E,0.000,#042433,1.500,0.000,310,
960.0000,540.0000,1,336,Rectangle 335,AutoShape,591.3447,473.7897,15.3969,7.1682,0.6160,0.8774,0.0160,0.0133,98.537,#80350E,0.000,#042433,1.500,0.000,311,
960.0000,540.0000,1,337,Rectangle 336,AutoShape,602.7778,474.1677,15.3969,7.1682,0.6279,0.8781,0.0160,0.0133,90.000,#80350E,0.000,#042433,1.500,0.000,312,
960.0000,540.0000,1,338,Rectangle 337,AutoShape,641.6913,462.9759,13.1580,8.6220,0.6684,0.8574,0.0137,0.0160,145.547,#80350E,0.000,#042433,1.500,0.000,313,
960.0000,540.0000,1,339,Rectangle 338,AutoShape,657.3763,452.5823,13.1580,8.6220,0.6848,0.8381,0.0137,0.0160,145.547,#80350E,0.000,#042433,1.500,0.000,314,
960.0000,540.0000,1,340,Rectangle 339,AutoShape,672.7780,442.1886,13.1580,8.6220,0.7008,0.8189,0.0137,0.0160,145.547,#80350E,0.000,#042433,1.500,0.000,315,
960.0000,540.0000,1,341,Rectangle 340,AutoShape,690.1639,430.6611,13.1580,8.6220,0.7189,0.7975,0.0137,0.0160,145.547,#80350E,0.000,#042433,1.500,0.000,316,
960.0000,540.0000,1,342,Rectangle 341,AutoShape,704.4316,420.5509,13.1580,8.6220,0.7338,0.7788,0.0137,0.0160,145.547,#80350E,0.000,#042433,1.500,0.000,317,
960.0000,540.0000,1,356,Rectangle 355,AutoShape,793.8369,229.6704,11.1140,5.3554,0.8269,0.4253,0.0116,0.0099,237.877,#FFFFFF,0.000,#042433,0.750,0.000,318,
960.0000,540.0000,1,357,Rectangle 356,AutoShape,805.1884,223.0541,11.1140,5.3554,0.8387,0.4131,0.0116,0.0099,237.877,#FFFFFF,0.000,#042433,0.750,0.000,319,
960.0000,540.0000,1,358,Rectangle 357,AutoShape,816.7414,215.8850,11.1140,5.3554,0.8508,0.3998,0.0116,0.0099,237.877,#FFFFFF,0.000,#042433,0.750,0.000,320,
960.0000,540.0000,1,359,Rectangle 358,AutoShape,828.1240,208.6521,11.1140,5.3554,0.8626,0.3864,0.0116,0.0099,237.877,#FFFFFF,0.000,#042433,0.750,0.000,321,
960.0000,540.0000,1,360,Rectangle 359,AutoShape,838.8267,202.0358,11.1140,5.3554,0.8738,0.3741,0.0116,0.0099,237.877,#FFFFFF,0.000,#042433,0.750,0.000,322,
960.0000,540.0000,1,361,Rectangle 360,AutoShape,850.0554,194.8667,11.1140,5.3554,0.8855,0.3609,0.0116,0.0099,237.877,#FFFFFF,0.000,#042433,0.750,0.000,323,
960.0000,540.0000,1,362,Rectangle 361,AutoShape,861.8934,187.0995,11.1140,5.3554,0.8978,0.3465,0.0116,0.0099,237.877,#FFFFFF,0.000,#042433,0.750,0.000,324,
960.0000,540.0000,1,363,Rectangle 362,AutoShape,873.2448,180.4832,11.1140,5.3554,0.9096,0.3342,0.0116,0.0099,237.877,#FFFFFF,0.000,#042433,0.750,0.000,325,
960.0000,540.0000,1,364,Rectangle 363,AutoShape,884.4736,172.6655,11.1140,5.3554,0.9213,0.3198,0.0116,0.0099,237.877,#FFFFFF,0.000,#042433,0.750,0.000,326,
960.0000,540.0000,1,365,Rectangle 364,AutoShape,895.8250,164.8316,11.1140,5.3554,0.9332,0.3052,0.0116,0.0099,237.877,#FFFFFF,0.000,#042433,0.750,0.000,327,
960.0000,540.0000,1,376,Rectangle 375,AutoShape,803.9904,257.1755,11.1140,5.3554,0.8375,0.4763,0.0116,0.0099,237.877,#FFFFFF,0.000,#042433,0.750,0.000,328,
960.0000,540.0000,1,377,Rectangle 376,AutoShape,815.3418,250.5592,11.1140,5.3554,0.8493,0.4640,0.0116,0.0099,237.877,#FFFFFF,0.000,#042433,0.750,0.000,329,
960.0000,540.0000,1,378,Rectangle 377,AutoShape,826.8949,243.3902,11.1140,5.3554,0.8613,0.4507,0.0116,0.0099,237.877,#FFFFFF,0.000,#042433,0.750,0.000,330,
960.0000,540.0000,1,379,Rectangle 378,AutoShape,838.2774,236.1572,11.1140,5.3554,0.8732,0.4373,0.0116,0.0099,237.877,#FFFFFF,0.000,#042433,0.750,0.000,331,
960.0000,540.0000,1,380,Rectangle 379,AutoShape,849.6288,228.8922,11.1140,5.3554,0.8850,0.4239,0.0116,0.0099,237.877,#FFFFFF,0.000,#042433,0.750,0.000,332,
960.0000,540.0000,1,381,Rectangle 380,AutoShape,860.8575,221.7231,11.1140,5.3554,0.8967,0.4106,0.0116,0.0099,237.877,#FFFFFF,0.000,#042433,0.750,0.000,333,
960.0000,540.0000,1,382,Rectangle 381,AutoShape,872.6955,213.6317,11.1140,5.3554,0.9091,0.3956,0.0116,0.0099,237.877,#FFFFFF,0.000,#042433,0.750,0.000,334,
960.0000,540.0000,1,383,Rectangle 382,AutoShape,883.7226,207.0154,11.1140,5.3554,0.9205,0.3834,0.0116,0.0099,237.877,#FFFFFF,0.000,#042433,0.750,0.000,335,
960.0000,540.0000,1,384,Rectangle 383,AutoShape,894.9514,199.1976,11.1140,5.3554,0.9322,0.3689,0.0116,0.0099,237.877,#FFFFFF,0.000,#042433,0.750,0.000,336,
960.0000,540.0000,1,385,Rectangle 384,AutoShape,906.3027,191.3638,11.1140,5.3554,0.9441,0.3544,0.0116,0.0099,237.877,#FFFFFF,0.000,#042433,0.750,0.000,337,
960.0000,540.0000,1,386,Rectangle 385,AutoShape,697.7467,235.2901,16.9861,7.4194,0.7268,0.4357,0.0177,0.0137,180.000,#00B0F0,0.000,#042433,1.500,0.000,338,
960.0000,540.0000,1,387,Rectangle 386,AutoShape,692.3484,282.7500,16.9861,7.4194,0.7212,0.5236,0.0177,0.0137,180.000,#3B7D23,0.000,#042433,1.500,0.000,339,
960.0000,540.0000,1,388,Rectangle 387,AutoShape,692.4038,296.9706,16.9861,7.4194,0.7213,0.5499,0.0177,0.0137,180.000,#3B7D23,0.000,#042433,1.500,0.000,340,
960.0000,540.0000,1,389,Rectangle 388,AutoShape,692.6367,310.3892,16.9861,7.4194,0.7215,0.5748,0.0177,0.0137,180.000,#3B7D23,0.000,#042433,1.500,0.000,341,
960.0000,540.0000,1,390,Rectangle 389,AutoShape,694.1017,324.1133,16.9861,7.4194,0.7230,0.6002,0.0177,0.0137,180.000,#3B7D23,0.000,#042433,1.500,0.000,342,
960.0000,540.0000,1,391,Rectangle 390,AutoShape,693.8253,337.3353,16.9861,7.4194,0.7227,0.6247,0.0177,0.0137,180.000,#3B7D23,0.000,#042433,1.500,0.000,343,
960.0000,540.0000,1,392,Rectangle 391,AutoShape,694.1570,350.7124,16.9861,7.4194,0.7231,0.6495,0.0177,0.0137,180.000,#3B7D23,0.000,#042433,1.500,0.000,344,
960.0000,540.0000,1,393,Rectangle 392,AutoShape,733.2147,271.2802,16.9861,7.4194,0.7638,0.5024,0.0177,0.0137,171.020,#3B7D23,0.000,#042433,1.500,0.000,345,
960.0000,540.0000,1,394,Rectangle 393,AutoShape,735.2609,284.3874,16.9861,7.4194,0.7659,0.5266,0.0177,0.0137,172.733,#3B7D23,0.000,#042433,1.500,0.000,346,
960.0000,540.0000,1,395,Rectangle 394,AutoShape,736.3115,298.0951,16.9861,7.4194,0.7670,0.5520,0.0177,0.0137,174.333,#3B7D23,0.000,#042433,1.500,0.000,347,
960.0000,540.0000,1,396,Rectangle 395,AutoShape,730.7262,331.0329,16.9861,7.4194,0.7612,0.6130,0.0177,0.0137,234.752,#3B7D23,0.000,#042433,1.500,0.000,348,
960.0000,540.0000,1,397,Rectangle 396,AutoShape,743.0580,322.5950,16.9861,7.4194,0.7740,0.5974,0.0177,0.0137,236.168,#3B7D23,0.000,#042433,1.500,0.000,349,
960.0000,540.0000,1,398,Rectangle 397,AutoShape,753.7307,315.2843,16.9861,7.4194,0.7851,0.5839,0.0177,0.0137,236.168,#3B7D23,0.000,#042433,1.500,0.000,350,
960.0000,540.0000,1,399,Rectangle 398,AutoShape,764.3152,307.8792,16.9861,7.4194,0.7962,0.5701,0.0177,0.0137,229.730,#3B7D23,0.000,#042433,1.500,0.000,351,
960.0000,540.0000,1,400,Rectangle 399,AutoShape,777.3106,334.0114,16.9861,7.4194,0.8097,0.6185,0.0177,0.0137,235.726,#3B7D23,0.000,#042433,1.500,0.000,352,
960.0000,540.0000,1,401,Rectangle 400,AutoShape,767.0803,341.4832,16.9861,7.4194,0.7990,0.6324,0.0177,0.0137,235.726,#3B7D23,0.000,#042433,1.500,0.000,353,
960.0000,540.0000,1,402,Rectangle 401,AutoShape,755.1355,349.3293,16.9861,7.4194,0.7866,0.6469,0.0177,0.0137,235.726,#3B7D23,0.000,#042433,1.500,0.000,354,
960.0000,540.0000,1,403,Rectangle 402,AutoShape,744.1862,357.6242,16.9861,7.4194,0.7752,0.6623,0.0177,0.0137,235.726,#3B7D23,0.000,#042433,1.500,0.000,355,
960.0000,540.0000,1,404,Rectangle 403,AutoShape,734.2324,364.9238,16.9861,7.4194,0.7648,0.6758,0.0177,0.0137,235.726,#3B7D23,0.000,#042433,1.500,0.000,356,
960.0000,540.0000,1,405,Rectangle 404,AutoShape,722.9512,372.5551,16.9861,7.4194,0.7531,0.6899,0.0177,0.0137,235.726,#3B7D23,0.000,#042433,1.500,0.000,357,
960.0000,540.0000,1,406,Rectangle 405,AutoShape,724.3337,408.7762,16.9861,7.4194,0.7545,0.7570,0.0177,0.0137,234.354,#3B7D23,0.000,#042433,1.500,0.000,358,
960.0000,540.0000,1,407,Rectangle 406,AutoShape,736.3337,399.5411,16.9861,7.4194,0.7670,0.7399,0.0177,0.0137,234.354,#3B7D23,0.000,#042433,1.500,0.000,359,
960.0000,540.0000,1,408,Rectangle 407,AutoShape,747.3383,392.2968,16.9861,7.4194,0.7785,0.7265,0.0177,0.0137,234.354,#3B7D23,0.000,#042433,1.500,0.000,360,
960.0000,540.0000,1,409,Rectangle 408,AutoShape,758.0112,384.3890,16.9861,7.4194,0.7896,0.7118,0.0177,0.0137,234.354,#3B7D23,0.000,#042433,1.500,0.000,361,
960.0000,540.0000,1,410,Rectangle 409,AutoShape,769.3477,376.8129,16.9861,7.4194,0.8014,0.6978,0.0177,0.0137,234.354,#3B7D23,0.000,#042433,1.500,0.000,362,
960.0000,540.0000,1,411,Rectangle 410,AutoShape,780.0204,369.2368,16.9861,7.4194,0.8125,0.6838,0.0177,0.0137,234.354,#3B7D23,0.000,#042433,1.500,0.000,363,
960.0000,540.0000,1,412,Rectangle 411,AutoShape,790.3613,361.3290,16.9861,7.4194,0.8233,0.6691,0.0177,0.0137,234.354,#3B7D23,0.000,#042433,1.500,0.000,364,
960.0000,540.0000,1,413,Rectangle 412,AutoShape,777.2703,-191.2406,16.9861,7.4194,0.8097,-0.3541,0.0177,0.0137,234.354,#3B7D23,0.000,#042433,1.500,0.000,365,
960.0000,540.0000,1,414,Rectangle 413,AutoShape,38.5357,281.1552,15.3600,4.8000,0.0401,0.5207,0.0160,0.0089,15.369,#D9D9D9,0.000,#042433,1.500,0.000,366,
960.0000,540.0000,1,415,Rectangle 414,AutoShape,42.0994,270.7090,15.3600,4.8000,0.0439,0.5013,0.0160,0.0089,15.369,#D9D9D9,0.000,#042433,1.500,0.000,367,
960.0000,540.0000,1,416,Rectangle 415,AutoShape,36.2684,290.8733,15.3600,4.8000,0.0378,0.5387,0.0160,0.0089,15.369,#D9D9D9,0.000,#042433,1.500,0.000,368,
960.0000,540.0000,1,417,Rectangle 416,AutoShape,31.9551,301.7791,15.3600,4.8000,0.0333,0.5589,0.0160,0.0089,10.841,#D9D9D9,0.000,#042433,1.500,0.000,369,
960.0000,540.0000,1,418,Rectangle 417,AutoShape,29.3385,313.8379,15.3600,4.8000,0.0306,0.5812,0.0160,0.0089,355.706,#D9D9D9,0.000,#042433,1.500,0.000,370,
960.0000,540.0000,1,419,Rectangle 418,AutoShape,30.7820,325.6671,15.3600,4.8000,0.0321,0.6031,0.0160,0.0089,340.469,#D9D9D9,0.000,#042433,1.500,0.000,371,
960.0000,540.0000,1,420,Rectangle 419,AutoShape,35.1128,338.9768,15.3600,4.8000,0.0366,0.6277,0.0160,0.0089,325.201,#D9D9D9,0.000,#042433,1.500,0.000,372,
960.0000,540.0000,1,421,Rectangle 420,AutoShape,42.7820,349.3528,15.3600,4.8000,0.0446,0.6469,0.0160,0.0089,325.201,#D9D9D9,0.000,#042433,1.500,0.000,373,
960.0000,540.0000,1,422,Rectangle 421,AutoShape,17.0677,339.7158,15.3600,4.8000,0.0178,0.6291,0.0160,0.0089,44.616,#D9D9D9,0.000,#042433,1.500,0.000,374,
960.0000,540.0000,1,423,Rectangle 422,AutoShape,9.0378,352.7985,15.3600,4.8000,0.0094,0.6533,0.0160,0.0089,21.298,#D9D9D9,0.000,#042433,1.500,0.000,375,
960.0000,540.0000,1,424,Rectangle 423,AutoShape,9.3083,370.6631,15.3600,4.8000,0.0097,0.6864,0.0160,0.0089,326.479,#D9D9D9,0.000,#042433,1.500,0.000,376,
960.0000,540.0000,1,425,Rectangle 424,AutoShape,25.2783,377.4300,15.3600,4.8000,0.0263,0.6989,0.0160,0.0089,98.414,#D9D9D9,0.000,#042433,1.500,0.000,377,
960.0000,540.0000,1,426,Rectangle 425,AutoShape,38.2706,379.0539,15.3600,4.8000,0.0399,0.7020,0.0160,0.0089,67.522,#D9D9D9,0.000,#042433,1.500,0.000,378,
960.0000,540.0000,1,427,Rectangle 426,AutoShape,50.5413,376.4374,15.3600,4.8000,0.0526,0.6971,0.0160,0.0089,67.522,#D9D9D9,0.000,#042433,1.500,0.000,379,
960.0000,540.0000,1,428,Rectangle 427,AutoShape,66.2406,371.0239,15.3600,4.8000,0.0690,0.6871,0.0160,0.0089,118.958,#D9D9D9,0.000,#042433,1.500,0.000,380,
960.0000,540.0000,1,429,Rectangle 428,AutoShape,75.9850,376.1666,15.3600,4.8000,0.0792,0.6966,0.0160,0.0089,112.892,#D9D9D9,0.000,#042433,1.500,0.000,381,
960.0000,540.0000,1,430,Rectangle 429,AutoShape,91.1428,379.1441,15.3600,4.8000,0.0949,0.7021,0.0160,0.0089,90.000,#D9D9D9,0.000,#042433,1.500,0.000,382,
960.0000,540.0000,1,431,Rectangle 430,AutoShape,101.6992,379.4149,15.3600,4.8000,0.1059,0.7026,0.0160,0.0089,90.000,#D9D9D9,0.000,#042433,1.500,0.000,383,
960.0000,540.0000,1,432,Rectangle 431,AutoShape,115.8646,376.7983,15.3600,4.8000,0.1207,0.6978,0.0160,0.0089,69.613,#D9D9D9,0.000,#042433,1.500,0.000,384,
960.0000,540.0000,1,433,Rectangle 432,AutoShape,125.4284,372.5577,15.3600,4.8000,0.1307,0.6899,0.0160,0.0089,65.841,#D9D9D9,0.000,#042433,1.500,0.000,385,
960.0000,540.0000,1,434,Rectangle 433,AutoShape,134.9924,367.2344,15.3600,4.8000,0.1406,0.6801,0.0160,0.0089,61.504,#D9D9D9,0.000,#042433,1.500,0.000,386,
960.0000,540.0000,1,435,Rectangle 434,AutoShape,145.0976,360.5577,15.3600,4.8000,0.1511,0.6677,0.0160,0.0089,57.902,#D9D9D9,0.000,#042433,1.500,0.000,387,
960.0000,540.0000,1,436,Rectangle 435,AutoShape,157.9096,352.3813,15.3600,4.8000,0.1645,0.6526,0.0160,0.0089,30.143,#D9D9D9,0.000,#042433,1.500,0.000,388,
960.0000,540.0000,1,437,Rectangle 436,AutoShape,164.2254,342.1859,15.3600,4.8000,0.1711,0.6337,0.0160,0.0089,30.143,#D9D9D9,0.000,#042433,1.500,0.000,389,
960.0000,540.0000,1,438,Rectangle 437,AutoShape,169.1877,332.3731,15.3600,4.8000,0.1762,0.6155,0.0160,0.0089,27.998,#D9D9D9,0.000,#042433,1.500,0.000,390,
960.0000,540.0000,1,439,Rectangle 438,AutoShape,174.0666,322.6134,15.3600,4.8000,0.1813,0.5974,0.0160,0.0089,27.874,#D9D9D9,0.000,#042433,1.500,0.000,391,
960.0000,540.0000,1,440,Rectangle 439,AutoShape,179.0901,312.7371,15.3600,4.8000,0.1866,0.5791,0.0160,0.0089,30.757,#D9D9D9,0.000,#042433,1.500,0.000,392,
960.0000,540.0000,1,441,Rectangle 440,AutoShape,185.1350,302.7463,15.3600,4.8000,0.1928,0.5606,0.0160,0.0089,30.757,#D9D9D9,0.000,#042433,1.500,0.000,393,
960.0000,540.0000,1,442,Rectangle 441,AutoShape,191.7215,292.9372,15.3600,4.8000,0.1997,0.5425,0.0160,0.0089,30.757,#D9D9D9,0.000,#042433,1.500,0.000,394,
960.0000,540.0000,1,443,Rectangle 442,AutoShape,161.3173,283.1455,15.3600,4.8000,0.1680,0.5243,0.0160,0.0089,297.514,#D9D9D9,0.000,#042433,1.500,0.000,395,
960.0000,540.0000,1,444,Rectangle 443,AutoShape,151.4253,278.6081,15.3600,4.8000,0.1577,0.5159,0.0160,0.0089,289.876,#D9D9D9,0.000,#042433,1.500,0.000,396,
960.0000,540.0000,1,445,Rectangle 444,AutoShape,137.6180,273.5653,15.3600,7.1231,0.1434,0.5066,0.0160,0.0132,285.168,#D9D9D9,0.000,#042433,1.500,0.000,397,
960.0000,540.0000,1,446,Rectangle 445,AutoShape,109.8287,267.4005,15.3600,7.1231,0.1144,0.4952,0.0160,0.0132,270.000,#D9D9D9,0.000,#042433,1.500,0.000,398,
960.0000,540.0000,1,447,Rectangle 446,AutoShape,93.5908,266.6794,15.3600,4.8000,0.0975,0.4939,0.0160,0.0089,270.000,#D9D9D9,0.000,#042433,1.500,0.000,399,
960.0000,540.0000,1,448,Rectangle 447,AutoShape,80.4178,260.3411,15.3600,4.8000,0.0838,0.4821,0.0160,0.0089,270.000,#D9D9D9,0.000,#042433,1.500,0.000,400,
960.0000,540.0000,1,449,Rectangle 448,AutoShape,76.1391,240.3839,15.3600,4.8000,0.0793,0.4452,0.0160,0.0089,274.120,#D9D9D9,0.000,#042433,1.500,0.000,401,
960.0000,540.0000,1,450,Rectangle 449,AutoShape,88.0644,242.7675,15.3600,4.8000,0.0917,0.4496,0.0160,0.0089,257.483,#D9D9D9,0.000,#042433,1.500,0.000,402,
960.0000,540.0000,1,451,Rectangle 450,AutoShape,99.2523,244.4927,15.3600,4.8000,0.1034,0.4528,0.0160,0.0089,259.655,#D9D9D9,0.000,#042433,1.500,0.000,403,
960.0000,540.0000,1,452,Rectangle 451,AutoShape,114.5005,247.7990,15.3600,4.8000,0.1193,0.4589,0.0160,0.0089,270.000,#D9D9D9,0.000,#042433,1.500,0.000,404,
960.0000,540.0000,1,453,Rectangle 452,AutoShape,128.1245,250.4638,15.3600,4.8000,0.1335,0.4638,0.0160,0.0089,294.737,#D9D9D9,0.000,#042433,1.500,0.000,405,
960.0000,540.0000,1,454,Rectangle 453,AutoShape,139.8539,253.0336,15.3600,4.8000,0.1457,0.4686,0.0160,0.0089,308.072,#D9D9D9,0.000,#042433,1.500,0.000,406,
960.0000,540.0000,1,455,Rectangle 454,AutoShape,153.4780,256.4865,15.3600,4.8000,0.1599,0.4750,0.0160,0.0089,304.827,#D9D9D9,0.000,#042433,1.500,0.000,407,
960.0000,540.0000,1,456,Rectangle 455,AutoShape,165.0786,260.6068,15.3600,4.8000,0.1720,0.4826,0.0160,0.0089,309.691,#D9D9D9,0.000,#042433,1.500,0.000,408,
960.0000,540.0000,1,457,Rectangle 456,AutoShape,178.6809,265.6669,15.3600,4.8000,0.1861,0.4920,0.0160,0.0089,293.386,#D9D9D9,0.000,#042433,1.500,0.000,409,
960.0000,540.0000,1,458,Rectangle 457,AutoShape,192.5756,268.4525,15.3600,4.8000,0.2006,0.4971,0.0160,0.0089,287.299,#D9D9D9,0.000,#042433,1.500,0.000,410,
960.0000,540.0000,1,459,Rectangle 458,AutoShape,206.7410,266.9550,15.3600,4.8000,0.2154,0.4944,0.0160,0.0089,233.846,#D9D9D9,0.000,#042433,1.500,0.000,411,
960.0000,540.0000,1,460,Rectangle 459,AutoShape,218.7410,254.9173,15.3600,4.8000,0.2279,0.4721,0.0160,0.0089,180.000,#D9D9D9,0.000,#042433,1.500,0.000,412,
960.0000,540.0000,1,461,Rectangle 460,AutoShape,226.4454,239.0143,15.8660,9.6009,0.2359,0.4426,0.0165,0.0178,182.777,#D9D9D9,0.000,#042433,1.500,0.000,413,
960.0000,540.0000,1,462,Rectangle 461,AutoShape,88.2967,218.0077,15.3600,4.8000,0.0920,0.4037,0.0160,0.0089,240.513,#D9D9D9,0.000,#042433,1.500,0.000,414,
960.0000,540.0000,1,463,Rectangle 462,AutoShape,103.5449,216.7108,15.3600,4.8000,0.1079,0.4013,0.0160,0.0089,245.136,#D9D9D9,0.000,#042433,1.500,0.000,415,
960.0000,540.0000,1,464,Rectangle 463,AutoShape,116.0531,219.4984,15.3600,4.8000,0.1209,0.4065,0.0160,0.0089,249.319,#D9D9D9,0.000,#042433,1.500,0.000,416,
960.0000,540.0000,1,465,Rectangle 464,AutoShape,131.4678,222.6213,13.0167,5.5083,0.1369,0.4123,0.0136,0.0102,283.558,#D9D9D9,0.000,#042433,1.500,0.000,417,
960.0000,540.0000,1,466,Rectangle 465,AutoShape,145.6334,225.8080,13.0167,5.5083,0.1517,0.4182,0.0136,0.0102,283.558,#D9D9D9,0.000,#042433,1.500,0.000,418,
960.0000,540.0000,1,467,Rectangle 466,AutoShape,159.0388,229.4322,13.0167,5.5083,0.1657,0.4249,0.0136,0.0102,287.114,#D9D9D9,0.000,#042433,1.500,0.000,419,
960.0000,540.0000,1,468,Rectangle 467,AutoShape,181.0012,236.7797,15.3600,4.8000,0.1885,0.4385,0.0160,0.0089,296.919,#D9D9D9,0.000,#042433,1.500,0.000,420,
960.0000,540.0000,1,469,Rectangle 468,AutoShape,194.3676,240.0317,13.0167,5.5083,0.2025,0.4445,0.0136,0.0102,287.114,#D9D9D9,0.000,#042433,1.500,0.000,421,
960.0000,540.0000,1,470,Rectangle 469,AutoShape,45.1671,261.2553,15.3600,4.8000,0.0470,0.4838,0.0160,0.0089,15.369,#D9D9D9,0.000,#042433,1.500,0.000,422,
960.0000,540.0000,1,471,Rectangle 470,AutoShape,48.7406,248.9806,15.3600,4.8000,0.0508,0.4611,0.0160,0.0089,15.369,#D9D9D9,0.000,#042433,1.500,0.000,423,
960.0000,540.0000,1,472,Rectangle 471,AutoShape,59.0721,221.6325,15.3600,4.8000,0.0615,0.4104,0.0160,0.0089,53.341,#D9D9D9,0.000,#042433,1.500,0.000,424,
960.0000,540.0000,1,473,Rectangle 472,AutoShape,65.7770,210.5097,13.0167,5.5083,0.0685,0.3898,0.0136,0.0102,232.559,#D9D9D9,0.000,#042433,1.500,0.000,425,
960.0000,540.0000,1,474,Rectangle 473,AutoShape,81.4888,345.9028,15.3600,4.8000,0.0849,0.6406,0.0160,0.0089,112.892,#D9D9D9,0.000,#042433,1.500,0.000,426,
960.0000,540.0000,1,475,Rectangle 474,AutoShape,94.3009,348.9704,15.3600,4.8000,0.0982,0.6462,0.0160,0.0089,86.246,#D9D9D9,0.000,#042433,1.500,0.000,427,
960.0000,540.0000,1,476,Rectangle 475,AutoShape,115.2794,343.4338,13.0167,5.5083,0.1201,0.6360,0.0136,0.0102,242.711,#D9D9D9,0.000,#042433,1.500,0.000,428,
960.0000,540.0000,1,477,Rectangle 476,AutoShape,106.9785,347.0428,13.0167,5.5083,0.1114,0.6427,0.0136,0.0102,249.858,#D9D9D9,0.000,#042433,1.500,0.000,429,
960.0000,540.0000,1,478,Rectangle 477,AutoShape,107.3952,300.2536,15.3600,4.8000,0.1119,0.5560,0.0160,0.0089,289.876,#D9D9D9,0.000,#042433,1.500,0.000,430,
960.0000,540.0000,1,479,Rectangle 478,AutoShape,118.7983,301.9548,13.0167,5.5083,0.1237,0.5592,0.0136,0.0102,287.114,#D9D9D9,0.000,#042433,1.500,0.000,431,
960.0000,540.0000,1,480,Rectangle 479,AutoShape,130.7894,304.1260,13.0167,5.5083,0.1362,0.5632,0.0136,0.0102,274.749,#D9D9D9,0.000,#042433,1.500,0.000,432,
960.0000,540.0000,1,481,Rectangle 480,AutoShape,66.4585,284.0758,13.0167,5.5083,0.0692,0.5261,0.0136,0.0102,257.873,#D9D9D9,0.000,#042433,1.500,0.000,433,
960.0000,540.0000,1,482,Rectangle 481,AutoShape,75.0390,339.8472,13.0167,5.5083,0.0782,0.6293,0.0136,0.0102,292.399,#D9D9D9,0.000,#042433,1.500,0.000,434,
960.0000,540.0000,1,483,Rectangle 482,AutoShape,63.9409,303.4868,13.0167,5.5083,0.0666,0.5620,0.0136,0.0102,17.324,#D9D9D9,0.000,#042433,1.500,0.000,435,
960.0000,540.0000,1,484,Rectangle 483,AutoShape,62.6778,316.9068,13.0167,5.5083,0.0653,0.5869,0.0136,0.0102,352.039,#D9D9D9,0.000,#042433,1.500,0.000,436,
960.0000,540.0000,1,485,Rectangle 484,AutoShape,65.8797,333.4052,15.3600,4.8000,0.0686,0.6174,0.0160,0.0089,121.075,#D9D9D9,0.000,#042433,1.500,0.000,437,
960.0000,540.0000,1,487,Rectangle 486,AutoShape,124.0313,339.0657,13.0167,5.5083,0.1292,0.6279,0.0136,0.0102,242.711,#D9D9D9,0.000,#042433,1.500,0.000,438,
960.0000,540.0000,1,488,Rectangle 487,AutoShape,134.1366,332.0190,13.0167,5.5083,0.1397,0.6148,0.0136,0.0102,221.227,#D9D9D9,0.000,#042433,1.500,0.000,439,
960.0000,540.0000,1,489,Rectangle 488,AutoShape,139.6404,323.1768,13.0167,5.5083,0.1455,0.5985,0.0136,0.0102,216.895,#D9D9D9,0.000,#042433,1.500,0.000,440,
960.0000,540.0000,1,490,Rectangle 489,AutoShape,145.4148,315.4486,13.0167,5.5083,0.1515,0.5842,0.0136,0.0102,214.407,#D9D9D9,0.000,#042433,1.500,0.000,441,
960.0000,540.0000,1,491,Rectangle 490,AutoShape,149.8359,307.1196,13.0167,5.5083,0.1561,0.5687,0.0136,0.0102,204.780,#D9D9D9,0.000,#042433,1.500,0.000,442,
960.0000,540.0000,1,492,Rectangle 491,AutoShape,96.6585,298.0903,15.3600,4.8000,0.1007,0.5520,0.0160,0.0089,289.876,#D9D9D9,0.000,#042433,1.500,0.000,443,
960.0000,540.0000,1,493,Rectangle 492,AutoShape,88.3020,293.1569,13.0167,5.5083,0.0920,0.5429,0.0136,0.0102,291.967,#D9D9D9,0.000,#042433,1.500,0.000,444,
960.0000,540.0000,1,494,Rectangle 493,AutoShape,77.5651,288.8426,13.0167,5.5083,0.0808,0.5349,0.0136,0.0102,289.733,#D9D9D9,0.000,#042433,1.500,0.000,445,
960.0000,540.0000,1,495,Rectangle 494,AutoShape,151.9491,199.6204,13.0167,5.5083,0.1583,0.3697,0.0136,0.0102,283.558,#D9D9D9,0.000,#042433,1.500,0.000,446,
960.0000,540.0000,1,496,Rectangle 495,AutoShape,161.0392,202.8033,13.0167,5.5083,0.1677,0.3756,0.0136,0.0102,283.558,#D9D9D9,0.000,#042433,1.500,0.000,447,
960.0000,540.0000,1,497,Rectangle 496,AutoShape,143.5355,197.6432,13.0167,5.5083,0.1495,0.3660,0.0136,0.0102,283.558,#D9D9D9,0.000,#042433,1.500,0.000,448,
960.0000,540.0000,1,498,Rectangle 497,AutoShape,134.1520,195.5609,13.0167,5.5083,0.1397,0.3621,0.0136,0.0102,284.298,#D9D9D9,0.000,#042433,1.500,0.000,449,
960.0000,540.0000,1,499,Rectangle 498,AutoShape,125.5807,193.2844,13.0167,5.5083,0.1308,0.3579,0.0136,0.0102,286.565,#D9D9D9,0.000,#042433,1.500,0.000,450,
960.0000,540.0000,1,500,Rectangle 499,AutoShape,116.1070,192.6779,13.0167,5.5083,0.1209,0.3568,0.0136,0.0102,284.298,#D9D9D9,0.000,#042433,1.500,0.000,451,
960.0000,540.0000,1,501,Rectangle 500,AutoShape,112.6966,172.9565,13.0167,5.5083,0.1174,0.3203,0.0136,0.0102,259.446,#D9D9D9,0.000,#042433,1.500,0.000,452,
960.0000,540.0000,1,502,Rectangle 501,AutoShape,120.9070,171.4511,13.0167,5.5083,0.1259,0.3175,0.0136,0.0102,259.446,#D9D9D9,0.000,#042433,1.500,0.000,453,
960.0000,540.0000,1,503,Rectangle 502,AutoShape,130.2002,169.2805,13.0167,5.5083,0.1356,0.3135,0.0136,0.0102,258.229,#D9D9D9,0.000,#042433,1.500,0.000,454,
960.0000,540.0000,1,504,Rectangle 503,AutoShape,138.4108,167.3042,13.0167,5.5083,0.1442,0.3098,0.0136,0.0102,258.229,#D9D9D9,0.000,#042433,1.500,0.000,455,
960.0000,540.0000,1,505,Rectangle 504,AutoShape,147.9747,165.5583,13.0167,5.5083,0.1541,0.3066,0.0136,0.0102,258.229,#D9D9D9,0.000,#042433,1.500,0.000,456,
960.0000,540.0000,1,506,Rectangle 505,AutoShape,102.2305,175.4635,13.0167,5.5083,0.1065,0.3249,0.0136,0.0102,259.446,#D9D9D9,0.000,#042433,1.500,0.000,457,
960.0000,540.0000,1,507,Rectangle 506,AutoShape,105.2983,190.0441,13.0167,5.5083,0.1097,0.3519,0.0136,0.0102,284.104,#D9D9D9,0.000,#042433,1.500,0.000,458,
960.0000,540.0000,1,508,Rectangle 507,AutoShape,92.5250,184.3234,13.0167,5.5083,0.0964,0.3413,0.0136,0.0102,226.574,#D9D9D9,0.000,#042433,1.500,0.000,459,
960.0000,540.0000,1,509,Rectangle 508,AutoShape,93.1178,154.5191,13.0167,5.5083,0.0970,0.2861,0.0136,0.0102,259.446,#D9D9D9,0.000,#042433,1.500,0.000,460,
960.0000,540.0000,1,510,Rectangle 509,AutoShape,101.8695,152.3791,13.0167,5.5083,0.1061,0.2822,0.0136,0.0102,259.446,#D9D9D9,0.000,#042433,1.500,0.000,461,
960.0000,540.0000,1,511,Rectangle 510,AutoShape,111.7040,149.7302,13.0167,5.5083,0.1164,0.2773,0.0136,0.0102,259.446,#D9D9D9,0.000,#042433,1.500,0.000,462,
960.0000,540.0000,1,512,Rectangle 511,AutoShape,120.9972,147.6163,13.0167,5.5083,0.1260,0.2734,0.0136,0.0102,259.446,#D9D9D9,0.000,#042433,1.500,0.000,463,
960.0000,540.0000,1,513,Rectangle 512,AutoShape,130.0200,145.6214,13.0167,5.5083,0.1354,0.2697,0.0136,0.0102,259.446,#D9D9D9,0.000,#042433,1.500,0.000,464,
960.0000,540.0000,1,514,Rectangle 513,AutoShape,139.3132,142.7373,13.0167,5.5083,0.1451,0.2643,0.0136,0.0102,259.446,#D9D9D9,0.000,#042433,1.500,0.000,465,
960.0000,540.0000,1,515,Rectangle 514,AutoShape,84.0051,158.6249,13.0167,5.5083,0.0875,0.2937,0.0136,0.0102,245.069,#D9D9D9,0.000,#042433,1.500,0.000,466,
960.0000,540.0000,1,516,Rectangle 515,AutoShape,71.6374,176.7502,15.3600,4.8000,0.0746,0.3273,0.0160,0.0089,287.196,#D9D9D9,0.000,#042433,1.500,0.000,467,
960.0000,540.0000,1,517,Rectangle 516,AutoShape,66.7039,195.9728,15.8660,9.6009,0.0695,0.3629,0.0165,0.0178,198.224,#D9D9D9,0.000,#042433,1.500,0.000,468,
960.0000,540.0000,1,518,Rectangle 517,AutoShape,169.7998,159.0110,13.0167,5.5083,0.1769,0.2945,0.0136,0.0102,259.446,#D9D9D9,0.000,#042433,1.500,0.000,469,
960.0000,540.0000,1,519,Rectangle 518,AutoShape,178.2033,157.1743,13.0167,5.5083,0.1856,0.2911,0.0136,0.0102,259.446,#D9D9D9,0.000,#042433,1.500,0.000,470,
960.0000,540.0000,1,520,Rectangle 519,AutoShape,186.9095,154.8119,13.0167,5.5083,0.1947,0.2867,0.0136,0.0102,259.446,#D9D9D9,0.000,#042433,1.500,0.000,471,
960.0000,540.0000,1,521,Rectangle 520,AutoShape,206.2176,150.2716,13.0167,5.5083,0.2148,0.2783,0.0136,0.0102,257.995,#D9D9D9,0.000,#042433,1.500,0.000,472,
960.0000,540.0000,1,522,Rectangle 521,AutoShape,197.4053,152.2534,13.0167,5.5083,0.2056,0.2820,0.0136,0.0102,256.247,#D9D9D9,0.000,#042433,1.500,0.000,473,
960.0000,540.0000,1,525,Rectangle 524,AutoShape,102.3205,132.1046,13.0167,5.5083,0.1066,0.2446,0.0136,0.0102,180.000,#D9D9D9,0.000,#042433,1.500,0.000,474,
960.0000,540.0000,1,526,Rectangle 525,AutoShape,106.7416,121.8854,13.0167,5.5083,0.1112,0.2257,0.0136,0.0102,180.000,#D9D9D9,0.000,#042433,1.500,0.000,475,
960.0000,540.0000,1,527,Rectangle 526,AutoShape,107.6438,108.9246,13.0167,5.5083,0.1121,0.2017,0.0136,0.0102,183.071,#D9D9D9,0.000,#042433,1.500,0.000,476,
960.0000,540.0000,1,528,Rectangle 527,AutoShape,313.0905,404.3428,15.3600,4.8000,0.3261,0.7488,0.0160,0.0089,36.000,#FF7E79,0.000,#042433,1.500,0.000,477,
